user_id,item_id,rating
73,1097,4.0
561,924,3.5
157,260,3.5
358,1210,5.0
130,316,2.0
580,1196,4.0
544,2918,5.0
213,1200,3.0
176,2571,4.5
481,4886,4.5
423,1270,3.0
607,364,3.0
105,4963,3.0
165,500,3.0
665,32,4.0
547,2997,5.0
292,780,4.5
134,231,2.5
665,597,5.0
220,1265,4.0
648,356,4.5
518,1210,5.0
157,586,3.0
427,4226,5.0
384,1291,4.5
534,500,3.0
574,2918,4.5
48,2762,3.5
382,231,1.0
213,367,1.0
95,2959,5.0
239,587,4.0
102,1200,5.0
220,2997,3.0
475,588,3.5
461,1721,4.0
472,150,3.0
232,2716,5.0
102,1097,4.0
23,2396,4.5
358,608,5.0
150,1617,3.0
239,733,4.0
19,1213,5.0
23,1704,3.5
176,5349,3.0
598,3578,4.0
30,733,4.0
78,260,5.0
268,34,4.5
195,590,4.0
77,1036,3.0
431,1265,5.0
102,1732,5.0
130,1197,4.5
102,1136,5.0
78,1206,2.5
30,318,5.0
23,296,4.5
544,7153,4.0
468,2959,3.0
15,1732,3.5
431,4226,5.0
457,5952,0.5
575,34,5.0
461,4306,3.0
518,2628,5.0
77,592,3.5
306,165,4.0
518,1580,5.0
105,2858,4.0
292,356,5.0
88,153,2.0
509,780,2.0
430,589,4.5
262,380,2.0
605,231,3.0
157,1732,4.0
353,1210,3.5
475,110,4.0
575,924,2.0
119,356,3.0
243,1198,4.5
102,1073,4.0
19,1270,5.0
312,344,1.0
472,5349,3.0
30,1210,4.0
475,924,5.0
311,1265,3.5
509,586,3.0
111,1036,4.0
199,10,2.5
472,1923,5.0
355,1200,5.0
73,778,5.0
384,5349,5.0
388,1200,5.0
105,733,3.0
73,318,5.0
239,2858,5.0
19,733,3.0
544,47,5.0
111,1265,3.0
615,367,2.5
150,1732,3.0
111,1198,4.5
294,8961,4.5
575,587,2.0
518,296,5.0
15,2028,3.0
460,2858,4.5
577,5952,5.0
648,4973,4.0
615,4226,4.0
577,2628,4.0
664,1291,4.5
285,1580,4.0
17,1270,4.5
355,32,4.0
73,293,5.0
384,733,5.0
547,858,4.0
78,593,4.5
77,1923,2.0
134,1240,5.0
212,1291,3.0
380,3578,5.0
17,608,3.5
624,1136,5.0
294,253,3.0
232,260,5.0
481,1,4.0
380,597,3.0
574,1221,4.5
243,1580,3.0
505,597,3.5
439,39,4.0
358,595,5.0
388,1580,3.0
608,1732,4.0
430,2716,4.0
353,377,1.5
77,1704,3.0
654,47,4.5
574,153,2.0
232,1580,5.0
247,316,4.0
306,231,5.0
247,527,5.0
529,260,4.0
199,2628,3.5
654,586,4.5
150,2716,2.0
529,1682,4.0
624,457,4.0
268,1073,4.0
77,780,3.5
187,1580,4.0
664,589,4.5
105,356,3.0
505,1265,3.0
580,1704,3.5
509,593,4.0
77,4886,4.0
220,367,4.0
285,2858,5.0
509,6539,4.0
285,2997,5.0
73,1,5.0
402,4306,2.5
509,4963,2.0
311,588,3.0
475,47,4.0
460,6539,5.0
353,356,3.5
598,2628,4.0
575,3114,5.0
150,296,4.5
388,2858,4.0
388,253,3.0
313,165,3.5
262,357,2.5
587,527,5.0
17,1036,2.5
564,110,1.0
382,6377,4.5
480,1682,5.0
574,1923,3.5
596,597,3.5
574,58559,4.0
561,595,3.5
285,364,3.0
452,377,4.0
268,4963,4.0
195,2858,4.0
664,32,5.0
407,32,4.0
213,357,1.0
213,253,2.5
624,858,5.0
472,1073,5.0
564,253,5.0
294,1265,3.0
472,2959,2.0
285,356,5.0
19,367,3.0
514,539,3.0
355,2762,4.5
73,58559,5.0
472,1196,4.5
580,1073,3.5
402,4963,4.0
294,5952,4.0
187,1923,3.5
665,5952,5.0
407,1732,2.0
461,480,5.0
15,541,5.0
130,3114,4.0
405,10,3.5
537,736,3.0
294,3578,4.0
17,2396,4.5
355,1073,3.5
73,586,3.5
423,541,4.5
574,356,4.5
460,1036,4.5
105,592,4.0
311,924,3.0
472,4973,4.0
607,736,3.5
358,367,3.0
130,480,3.0
615,4993,3.5
407,377,4.0
380,110,5.0
130,2716,4.0
306,316,3.0
654,2571,5.0
243,1240,3.0
518,377,4.0
574,589,4.0
15,2918,4.0
509,34,3.0
463,377,3.0
212,1270,3.0
407,4226,5.0
242,2571,5.0
514,1214,5.0
292,500,3.5
213,3578,2.0
387,1196,4.0
460,5952,4.5
165,587,3.0
475,1200,4.0
199,589,5.0
353,58559,4.0
268,924,4.5
88,356,4.0
452,357,4.0
596,1136,3.5
384,7153,4.5
242,377,5.0
130,541,4.0
380,2762,5.0
380,39,3.0
505,8961,3.5
607,260,4.5
130,1682,3.0
481,2628,3.0
388,648,4.0
648,608,4.0
472,8961,3.5
468,5952,3.5
292,595,4.0
480,608,3.5
102,1923,3.0
585,356,4.0
134,4886,3.0
176,58559,3.0
15,2858,4.0
575,357,2.0
232,587,4.0
505,590,3.0
472,318,5.0
468,1210,3.5
262,1270,3.0
30,587,2.0
312,539,3.0
23,780,3.5
242,2396,5.0
472,7153,2.0
48,541,4.0
212,2858,4.0
665,1097,5.0
268,1136,4.5
577,780,3.5
134,1270,4.0
585,260,4.0
518,1193,3.0
134,10,4.0
561,39,2.5
580,592,3.5
654,1704,4.0
157,1097,3.0
468,1213,4.0
605,858,5.0
15,2628,2.5
430,736,2.0
212,1197,4.0
199,593,4.5
615,480,4.0
460,1,4.5
431,356,4.5
547,296,5.0
472,3578,4.0
654,6539,4.5
23,858,5.0
48,3793,3.5
111,150,4.0
88,344,2.0
380,1200,4.0
130,590,4.0
262,1089,3.0
73,590,4.5
150,344,3.5
358,357,5.0
213,587,2.5
212,3114,2.5
313,6377,4.5
176,5952,5.0
73,1721,0.5
598,2959,5.0
607,380,4.5
463,110,5.0
353,4993,2.0
213,39,2.0
17,2858,4.5
561,1617,4.0
505,457,3.0
134,1196,4.5
460,2762,4.0
388,2571,5.0
23,5349,2.0
165,1198,4.0
119,153,1.0
405,1270,5.0
242,1221,5.0
505,593,3.0
648,1923,3.0
150,780,4.0
292,1265,3.5
431,1206,4.0
402,2571,4.5
105,380,3.5
17,924,4.5
232,377,4.0
423,4963,2.5
388,39,3.0
19,32,3.0
564,377,2.0
15,316,3.0
19,780,3.0
285,1213,5.0
150,2918,4.5
78,500,4.0
213,293,3.0
624,586,3.0
544,4963,4.5
607,1036,4.0
624,1704,4.0
514,1240,4.0
452,2396,5.0
439,780,3.0
388,4993,5.0
577,367,3.0
88,260,4.0
463,2918,4.0
587,1221,4.5
187,1721,4.0
534,2762,5.0
596,32,5.0
574,318,5.0
306,1214,3.0
577,380,4.5
17,4963,4.0
353,1136,3.5
648,858,3.5
105,377,3.0
19,50,4.0
119,588,4.0
654,2716,4.5
518,1732,2.0
105,153,3.0
457,1073,3.0
461,648,2.0
119,480,4.0
73,733,3.0
652,316,5.0
382,4886,5.0
247,1580,4.0
452,293,3.0
78,1270,4.5
243,527,3.5
561,1196,5.0
402,1270,5.0
461,1214,5.0
128,1265,2.0
624,1617,4.0
119,597,4.0
262,4993,3.0
654,780,4.0
518,1197,5.0
388,10,2.0
463,50,5.0
134,778,4.5
575,1036,4.0
355,588,3.0
518,733,5.0
165,1923,3.5
102,590,2.0
652,1265,4.0
212,590,2.0
313,1270,4.0
134,293,5.0
468,153,1.0
574,7153,3.5
165,3793,4.0
232,1,3.0
547,1682,4.5
243,2571,3.5
460,293,4.0
311,736,4.5
213,608,2.0
605,1213,3.0
452,1197,3.0
313,150,3.5
232,150,4.0
88,778,4.5
574,2628,3.0
212,586,2.5
384,2628,4.0
405,1291,4.5
187,593,4.0
102,2918,4.0
187,1,4.0
56,1270,4.0
15,4306,1.0
150,1923,3.0
30,608,5.0
23,597,3.0
587,593,4.0
268,4306,4.5
598,2997,4.0
306,593,4.0
402,150,4.5
306,50,4.0
665,2396,2.0
313,2028,4.0
452,597,3.0
312,1097,3.0
19,165,3.0
580,6377,4.0
15,587,1.0
292,3793,4.0
285,110,5.0
213,2571,4.0
30,1732,3.0
648,377,2.0
457,1198,2.0
388,733,4.0
380,2628,3.0
514,32,4.0
130,367,2.5
111,380,4.5
607,4226,4.5
195,1197,3.0
468,1221,4.0
15,1196,5.0
481,3578,4.0
353,8961,3.0
358,344,1.0
88,2858,4.0
564,1923,4.0
423,4993,3.0
665,1682,4.0
564,1721,4.0
353,5952,3.0
213,110,2.5
220,34,4.0
30,588,5.0
268,586,5.0
407,2571,5.0
23,344,2.0
665,318,5.0
580,2858,4.5
195,260,5.0
268,1036,5.0
505,924,3.0
306,1580,4.0
607,1089,4.5
128,5952,5.0
463,3793,4.0
407,778,5.0
105,367,3.5
15,356,1.0
56,1,4.0
56,1732,4.0
23,1036,3.0
95,2858,5.0
439,2858,3.0
105,457,3.5
615,1136,4.5
509,4306,4.0
598,5952,4.5
561,1580,3.0
165,344,4.0
587,1206,4.0
407,6539,4.5
452,608,5.0
312,527,5.0
212,1089,4.0
580,1213,3.5
468,4973,3.0
187,2762,5.0
481,858,5.0
232,357,5.0
547,608,5.0
457,778,4.0
605,165,3.0
346,110,2.0
463,589,4.0
463,356,3.0
388,1198,5.0
23,2959,3.5
654,260,5.0
654,539,4.0
17,1193,4.5
134,58559,2.5
665,1206,3.0
468,2028,3.0
514,780,3.0
242,590,5.0
292,4963,4.5
19,34,4.0
346,1197,5.0
514,47,4.0
30,2918,5.0
311,592,2.0
111,589,4.5
509,736,2.0
312,39,5.0
130,1198,4.0
587,2858,4.5
461,357,2.0
430,595,3.5
577,316,3.5
514,367,3.0
534,590,5.0
165,165,5.0
128,736,5.0
312,2571,4.0
547,153,2.0
95,480,4.0
596,364,3.0
78,356,5.0
15,1,2.0
313,2997,2.0
452,6539,4.0
294,5349,4.0
220,296,5.0
452,47,2.5
353,1214,3.0
243,260,5.0
624,1270,5.0
423,858,4.5
654,1136,5.0
78,318,5.0
313,364,5.0
564,778,4.0
95,457,4.0
529,1193,2.0
313,3114,4.0
56,1265,5.0
439,3793,1.0
105,1210,3.0
596,1089,4.0
564,500,5.0
15,296,5.0
561,2716,4.5
460,4993,3.5
430,780,2.5
15,1580,4.0
608,47,5.0
664,293,4.5
358,1136,4.0
384,1923,4.5
311,5349,4.0
73,4993,5.0
514,778,5.0
134,586,2.5
355,2997,4.0
468,1073,3.5
358,1213,5.0
457,344,2.5
577,1198,5.0
596,367,3.0
607,2762,4.0
77,733,3.0
130,780,1.5
608,2959,5.0
380,1270,3.0
262,586,4.0
457,153,2.0
262,1580,2.0
427,2959,4.0
220,357,4.0
119,1923,5.0
547,2396,3.0
119,2997,5.0
654,4886,5.0
285,1097,4.0
30,1073,3.0
423,153,2.0
242,1580,5.0
615,1291,4.0
654,480,4.5
423,165,2.5
346,1097,2.0
176,480,2.5
157,1923,2.0
119,318,4.0
353,1721,1.5
608,1200,5.0
213,32,1.5
292,4886,4.5
247,586,4.0
157,50,4.0
439,2028,2.0
48,1732,3.5
111,1923,3.5
468,924,4.5
624,3114,5.0
457,457,3.0
481,2762,4.5
577,1721,3.5
17,858,5.0
505,1196,4.0
128,2762,5.0
529,32,4.0
547,1214,3.5
452,780,4.0
176,1196,4.5
509,47,4.0
102,1270,3.0
574,364,3.5
165,1097,4.0
313,47,4.0
292,588,4.0
134,541,5.0
624,608,4.0
607,153,3.0
242,480,5.0
77,165,2.5
580,367,2.5
78,1214,3.5
648,480,2.0
575,1580,1.0
19,457,4.0
561,2959,4.5
575,4993,5.0
77,2716,4.0
430,2959,5.0
95,2628,5.0
243,2997,4.0
596,500,3.5
77,1073,4.0
472,2997,4.0
407,2028,4.0
380,2918,5.0
187,318,5.0
598,50,5.0
134,153,3.0
15,1206,5.0
134,6539,3.0
577,5349,4.5
472,1036,3.0
452,736,3.0
176,1291,3.0
402,1196,4.5
430,593,4.0
580,541,4.0
247,110,5.0
165,648,3.5
355,253,4.5
358,2858,4.0
176,1580,2.5
615,6377,4.5
648,5952,1.5
561,4963,5.0
213,1197,3.5
311,4963,5.0
312,10,1.0
577,6539,5.0
431,1240,4.5
514,1193,5.0
23,293,4.0
439,541,3.0
654,1196,5.0
355,3578,4.0
514,34,4.0
480,1036,5.0
585,480,3.0
23,590,2.5
313,1732,3.0
468,8961,3.5
518,858,3.0
664,3578,5.0
664,296,5.0
664,780,3.5
353,6539,3.5
176,364,3.0
346,608,1.0
423,1732,5.0
353,593,3.5
509,293,3.0
213,457,4.0
313,2762,3.5
134,500,4.0
587,150,4.5
574,1097,4.0
577,1,5.0
130,2396,2.5
384,1210,4.5
605,1270,4.0
423,7153,3.5
294,2918,3.5
509,2396,5.0
56,527,4.0
405,1196,4.0
187,3793,3.0
306,150,4.0
119,736,2.0
17,293,4.0
587,2997,4.0
452,6377,4.0
212,8961,3.5
468,780,2.0
481,2959,4.5
232,356,3.0
220,590,4.0
575,1196,4.0
243,1196,5.0
537,1136,5.0
480,500,4.0
509,1732,5.0
247,592,4.0
312,858,4.0
355,2571,5.0
30,344,2.0
481,293,5.0
402,1682,4.0
607,32,3.5
463,1073,4.0
268,6539,5.0
463,597,2.0
165,2716,3.5
199,608,3.5
285,1,4.0
311,2571,4.0
587,1089,4.0
468,150,3.0
23,1240,3.5
213,1198,3.0
77,380,2.5
544,5952,4.0
150,3578,4.5
624,231,3.0
134,6377,3.0
187,1732,5.0
306,733,4.0
480,1097,4.0
480,4306,5.0
134,316,4.5
294,589,3.0
547,4993,2.5
480,318,5.0
452,1617,5.0
130,2997,3.0
575,588,4.0
596,480,4.0
292,2762,4.5
23,2716,3.0
220,1732,4.0
165,588,4.0
431,2762,5.0
461,4963,3.0
353,1036,4.0
605,586,4.0
19,1197,3.0
384,2028,3.0
574,1089,4.5
119,780,3.0
514,1136,4.0
77,6377,0.5
457,10,2.0
292,47,4.5
88,1704,5.0
587,6539,3.5
452,318,5.0
212,3578,5.0
294,1682,4.0
73,924,1.5
574,586,3.0
311,1617,4.5
514,344,3.0
311,1214,2.0
561,4993,5.0
452,1089,2.0
468,539,3.0
88,2396,4.5
30,1721,4.0
423,5952,3.0
518,344,4.0
23,1206,4.5
598,924,4.0
654,924,4.0
608,1923,3.0
505,608,3.0
382,260,3.5
77,587,2.5
88,4993,4.0
463,1089,4.0
311,480,4.5
388,1923,5.0
119,2028,5.0
165,1265,4.0
195,1210,5.0
294,590,3.0
105,2396,3.0
388,5952,4.5
105,7153,5.0
577,1036,5.0
150,165,3.5
596,50,4.5
150,4226,2.0
78,1213,4.5
598,1704,4.0
19,1073,4.0
195,736,2.0
564,1291,4.0
130,6539,4.5
468,648,3.0
15,344,2.0
176,2628,4.0
564,1193,5.0
547,32,4.0
292,150,4.0
306,377,4.0
460,1198,5.0
77,1198,4.0
247,593,5.0
472,2028,3.0
480,1240,4.5
575,541,4.0
213,1136,1.0
574,539,3.0
574,3114,3.5
461,597,4.5
165,2628,2.5
311,2028,5.0
537,1196,5.0
268,3114,4.0
547,595,3.5
382,595,4.0
388,2997,5.0
529,780,1.0
607,2918,3.5
232,1214,5.0
624,587,3.0
15,1097,4.0
239,1265,4.0
547,590,3.0
405,4993,4.5
407,1097,4.0
461,8961,4.5
481,1136,3.0
460,357,5.0
509,1200,4.0
119,541,4.0
480,47,4.0
561,527,4.0
355,2028,4.5
311,3578,3.5
457,608,5.0
405,1197,4.0
262,5952,3.0
475,2716,4.0
292,1196,4.5
624,7153,4.5
472,2396,2.0
461,1240,4.0
195,1193,4.0
134,4993,3.0
212,4973,3.5
105,10,3.5
213,541,2.0
212,589,3.0
607,296,5.0
23,2571,4.0
544,2716,4.5
268,3578,5.0
239,380,4.0
358,380,2.0
56,2716,2.0
23,924,3.5
648,1721,1.0
292,1721,4.5
111,367,2.0
23,5952,4.0
648,293,4.5
157,736,2.5
355,2959,5.0
292,1073,4.5
439,260,2.0
518,318,5.0
48,648,3.5
624,8961,4.5
150,1682,3.0
19,1193,4.0
73,6377,4.0
30,590,5.0
130,34,3.0
514,587,3.0
430,608,4.0
574,1270,4.5
480,150,4.5
514,457,4.0
294,1197,5.0
575,318,4.0
73,356,5.0
19,260,4.0
56,356,4.0
213,150,1.5
157,6377,3.5
15,527,4.0
561,2028,3.5
199,4993,4.0
475,2959,5.0
353,1240,3.0
475,1036,5.0
472,356,4.0
285,593,4.0
312,32,2.0
564,1682,3.0
580,1136,4.0
311,2628,2.5
564,457,4.0
15,2959,5.0
17,2918,3.0
311,2762,4.0
468,1291,3.0
480,593,4.5
239,588,5.0
111,4973,5.0
111,1136,4.0
624,1221,5.0
380,6539,3.5
388,1704,4.0
268,593,5.0
384,592,4.0
243,593,5.0
232,1073,3.0
268,364,5.0
608,1193,5.0
585,1196,3.0
268,165,3.5
518,1073,5.0
262,231,2.5
111,541,3.5
212,153,2.5
262,367,2.0
529,1221,2.0
78,2628,5.0
472,4993,3.0
480,595,3.5
119,2628,3.0
17,4306,3.5
77,593,3.0
388,3578,4.0
472,2918,5.0
509,778,4.0
165,50,2.0
358,1291,3.0
468,1214,3.5
243,153,2.0
17,1923,3.0
460,1200,3.5
587,5349,2.5
294,541,3.5
353,34,0.5
544,2028,4.5
195,1198,3.0
19,586,3.0
232,110,5.0
505,2571,3.0
285,253,5.0
664,480,3.5
529,2918,2.0
461,231,3.0
514,296,5.0
88,5349,3.0
388,1240,4.0
111,539,3.0
23,1089,3.5
654,2628,3.5
505,1036,3.5
439,1214,4.0
407,7153,4.5
134,1097,4.0
608,32,4.0
452,4973,5.0
475,2762,3.5
431,1682,4.0
460,2716,5.0
232,367,5.0
247,260,5.0
176,296,4.0
388,1213,5.0
564,648,2.0
380,293,4.0
547,50,4.0
472,32,3.0
615,58559,4.5
587,2959,2.5
561,356,3.5
15,1193,5.0
472,4963,3.0
128,480,5.0
624,4226,4.0
292,2959,5.0
199,7153,3.5
384,2858,4.0
574,50,5.0
654,1036,4.5
355,58559,5.0
664,1036,4.0
294,1580,4.5
111,733,3.5
119,3114,4.0
268,367,2.0
15,500,3.0
481,4226,4.0
353,1265,3.0
564,231,5.0
382,2918,2.0
509,150,3.0
472,34,5.0
509,231,3.0
105,1732,4.0
574,316,2.5
165,1240,3.0
243,1923,3.0
78,377,4.5
537,1198,5.0
577,588,4.0
607,316,3.5
15,4993,5.0
243,1213,4.0
88,47,4.0
461,592,3.0
292,364,4.0
664,4306,4.0
268,318,3.5
312,1073,3.0
77,586,1.5
358,39,5.0
461,260,4.5
561,1682,4.5
176,260,4.0
461,858,5.0
380,608,4.0
220,3578,3.0
509,1198,5.0
242,593,4.0
480,1580,5.0
402,7153,4.0
17,1617,4.5
574,4306,3.0
598,588,4.0
664,3114,3.5
430,380,5.0
480,32,3.0
73,1206,4.5
262,5349,1.5
580,1291,3.5
547,1089,4.5
128,4993,5.0
598,318,5.0
518,2028,4.0
355,1240,4.0
73,1214,5.0
596,778,4.5
48,367,3.5
119,316,3.0
457,589,3.5
423,1197,4.0
388,231,5.0
128,4886,5.0
312,2997,4.0
648,588,2.0
199,356,4.5
509,253,3.0
654,1073,3.5
353,858,3.5
461,150,3.0
243,4226,3.5
460,1136,5.0
150,736,4.0
56,4973,5.0
430,1732,4.5
187,2628,2.5
19,1214,4.0
294,34,3.0
384,4993,4.0
607,3114,4.0
605,1196,3.0
311,50,3.0
299,1206,4.0
311,1240,4.5
423,58559,5.0
407,296,5.0
652,597,3.5
664,3793,4.0
358,1196,5.0
358,2628,3.0
232,50,5.0
596,2628,4.0
624,380,3.0
312,231,4.0
461,2571,4.5
195,480,4.0
509,1291,4.0
243,10,3.5
596,1036,4.0
346,1270,4.0
544,1089,4.5
73,1270,5.0
564,2716,3.0
461,153,0.5
239,1073,3.0
119,1221,4.0
461,2028,3.5
472,5952,3.0
461,1732,3.5
624,597,3.0
268,47,4.0
380,1073,4.0
587,50,4.5
481,2997,5.0
195,377,3.0
355,1580,4.0
130,2959,4.0
472,296,5.0
544,4226,5.0
461,1200,5.0
387,1923,5.0
577,736,3.0
598,589,4.0
119,2858,5.0
30,3114,5.0
353,296,3.5
607,1291,4.5
664,1214,3.5
423,296,4.5
78,4226,5.0
481,1193,5.0
77,367,3.5
472,1704,3.0
105,586,3.0
150,2858,3.5
105,2997,4.0
17,50,5.0
596,2997,3.5
212,4306,4.0
608,924,5.0
187,1193,5.0
607,778,4.0
95,5349,4.0
88,364,4.0
23,588,4.0
481,32,4.0
439,608,4.0
346,260,5.0
598,2396,4.0
346,589,5.0
130,1221,4.0
407,2997,5.0
596,296,5.0
518,47,5.0
577,1210,4.5
242,1036,5.0
105,316,3.0
199,47,4.5
575,592,3.0
388,2959,3.0
220,2858,5.0
95,1214,5.0
232,924,1.0
460,296,4.0
388,110,5.0
564,47,4.0
518,1265,3.0
615,5349,3.5
292,1,4.0
128,1197,3.0
544,527,4.5
294,110,3.0
134,539,3.5
564,1221,2.0
624,541,4.0
48,3114,3.5
380,5952,4.0
468,50,3.0
299,32,5.0
130,260,4.5
388,590,5.0
105,590,3.0
402,58559,3.5
77,3793,4.0
431,4306,4.0
402,8961,3.5
654,1291,4.5
294,2716,4.0
77,589,4.0
102,1214,4.0
608,2997,5.0
468,318,3.5
654,7153,5.0
353,2918,2.0
607,2571,4.5
353,2028,3.0
598,2716,4.0
596,457,4.0
654,648,4.5
292,2918,4.5
77,2628,1.5
268,597,2.5
243,1210,5.0
580,2918,4.0
382,1704,3.0
505,1198,4.0
481,5952,4.0
17,1213,5.0
472,1210,3.0
212,5349,4.0
285,2571,5.0
654,3114,5.0
213,1270,3.0
313,3578,4.5
654,8961,5.0
537,1265,5.0
665,1210,4.0
430,457,5.0
585,2858,4.0
430,153,1.0
157,541,3.5
353,4306,3.5
19,293,4.0
654,608,4.0
463,588,4.0
242,1210,5.0
664,5349,4.0
262,924,3.0
199,457,4.0
624,153,2.5
664,1136,4.5
220,1721,3.0
111,253,3.5
564,2762,5.0
452,1265,4.0
624,5349,4.0
292,1270,4.0
23,1270,4.5
380,2858,5.0
134,587,3.5
220,231,2.0
358,527,5.0
577,587,3.0
587,1073,3.5
463,4226,5.0
73,1682,4.5
355,356,5.0
105,1136,3.0
574,1580,3.5
580,2997,2.5
15,1221,5.0
187,1073,4.0
73,47,5.0
574,8961,3.5
580,1682,4.5
19,1136,5.0
427,3114,4.0
547,2918,3.5
355,541,4.5
607,1732,3.5
130,8961,4.0
665,1265,2.0
73,1213,5.0
353,165,3.5
199,2959,5.0
195,587,2.0
518,1200,4.0
73,1240,4.5
358,597,4.0
624,4963,4.0
665,586,3.0
239,153,3.0
427,4306,4.0
30,736,4.0
387,1221,5.0
505,260,4.0
358,500,4.0
294,1721,3.5
561,3114,3.0
574,1617,4.5
313,4886,4.5
212,1073,4.0
77,3114,3.5
480,1200,4.0
134,253,4.0
243,231,4.0
19,296,5.0
17,593,4.5
268,1214,5.0
580,1721,3.5
17,1265,4.5
547,1210,2.5
313,1097,4.0
509,608,4.5
648,500,4.0
77,316,4.0
111,1682,3.0
299,296,3.0
56,293,4.0
665,1704,5.0
480,364,5.0
544,608,5.0
17,1221,5.0
384,457,3.0
561,1200,4.0
23,4973,5.0
294,592,3.0
176,344,2.0
48,3578,5.0
262,344,2.5
615,4306,4.0
384,34,3.0
220,110,4.0
285,590,4.0
105,587,3.5
480,2762,4.5
292,4306,4.5
457,858,4.0
534,593,4.0
561,7153,5.0
353,457,3.0
452,1221,5.0
311,1721,4.0
388,150,4.5
165,5349,4.0
353,589,3.5
624,733,3.0
157,2571,4.5
439,5349,3.0
596,6539,4.5
306,344,4.0
460,4886,3.5
534,588,5.0
130,588,4.0
213,2762,2.5
102,592,4.0
176,648,2.5
574,648,3.0
561,377,3.0
431,377,2.0
534,165,4.0
306,1270,4.0
77,1721,2.0
423,2959,4.5
439,588,3.0
468,1196,3.0
285,1265,4.0
187,231,3.5
665,1270,5.0
299,1213,5.0
358,2396,5.0
311,1682,3.0
242,2028,5.0
468,4993,3.5
624,367,3.0
480,1136,4.0
654,367,4.5
529,2716,4.0
150,1704,4.0
509,1210,4.0
213,1923,1.0
134,1198,5.0
439,318,3.0
130,1193,3.0
457,1732,3.0
353,3793,3.5
648,2028,3.0
380,1089,4.0
407,5952,4.0
134,1721,3.0
480,1,5.0
430,293,5.0
19,1265,4.0
564,1036,4.0
157,8961,3.0
564,153,3.0
615,356,4.0
544,1732,5.0
105,357,4.0
15,1213,3.0
509,1213,5.0
505,587,3.0
664,1732,4.5
220,2628,3.0
481,58559,3.5
17,5952,4.5
461,47,5.0
624,4993,4.0
15,253,2.0
111,2716,4.5
574,2716,4.0
19,39,3.0
607,2959,4.5
105,364,3.5
654,1270,4.5
88,586,2.5
130,2571,4.5
544,1704,4.0
607,150,4.0
157,648,3.5
176,4963,4.0
358,2028,4.0
607,1270,4.0
547,527,5.0
648,778,5.0
134,110,3.0
176,588,3.5
407,2858,5.0
472,293,4.0
654,1214,5.0
311,780,4.5
580,1732,4.0
380,2028,5.0
243,586,3.5
380,587,2.0
468,1,4.0
384,6539,4.5
537,356,4.0
547,6539,3.0
382,1,3.5
242,1198,5.0
242,1617,5.0
544,1240,4.5
23,593,4.5
358,296,5.0
306,457,4.0
294,377,4.0
598,1213,4.0
664,318,4.5
407,1923,3.0
195,527,4.0
518,593,5.0
128,593,5.0
242,2762,5.0
607,500,2.5
509,380,2.0
346,648,4.0
213,8961,4.0
312,2858,5.0
463,608,4.0
468,588,2.5
292,50,5.0
17,260,3.5
130,364,3.5
262,377,2.5
111,1196,4.5
78,1721,4.0
77,34,3.5
306,1097,5.0
212,10,3.5
78,296,4.5
199,480,3.5
130,10,3.5
102,1704,2.0
575,539,3.0
285,1206,4.0
468,293,3.5
468,357,3.0
598,2858,5.0
232,1270,5.0
355,1732,4.0
382,4306,4.0
480,5349,3.5
105,318,3.0
461,2918,4.5
130,318,3.5
220,733,3.0
232,593,5.0
665,296,4.0
128,3578,5.0
596,2571,4.5
73,344,2.0
605,480,3.0
382,2571,3.0
15,1265,4.0
105,1721,3.0
564,1197,4.0
472,858,5.0
430,2571,4.0
608,367,3.0
105,736,2.5
384,296,4.5
460,356,1.5
243,316,3.0
353,1580,1.0
77,590,3.0
48,924,4.5
268,356,5.0
130,593,3.0
564,357,3.0
30,50,5.0
292,592,3.5
105,1196,3.0
312,2396,3.0
564,1200,4.0
468,593,3.0
481,6377,5.0
457,1923,3.0
475,356,4.5
577,648,3.5
380,924,5.0
220,608,5.0
608,1221,5.0
292,260,4.5
580,1923,4.0
598,1,4.5
77,1097,3.0
461,5952,4.5
292,231,3.0
529,357,4.0
654,2396,4.5
430,4226,5.0
577,457,4.5
529,608,5.0
150,364,3.0
19,527,4.0
311,260,4.0
607,4963,4.5
596,110,4.0
596,380,3.0
472,3114,5.0
384,541,4.0
664,4963,3.5
460,1265,4.0
423,1089,5.0
472,364,4.0
243,4306,3.5
607,10,3.5
575,608,4.0
534,32,4.0
48,858,4.0
268,736,3.0
213,1196,5.0
405,1265,5.0
461,3793,2.0
463,480,4.0
544,780,3.5
596,318,5.0
353,260,3.0
664,2716,4.0
664,50,4.5
56,1036,5.0
463,1097,4.0
564,2858,5.0
285,32,5.0
605,2028,3.0
596,377,4.0
514,924,5.0
134,1214,4.5
577,1197,5.0
105,648,3.0
544,480,4.0
598,539,2.0
615,1265,3.5
402,1721,3.0
232,1197,4.0
537,1210,5.0
212,4963,4.0
19,480,4.0
56,1210,2.0
463,1214,5.0
130,153,0.5
480,1265,5.0
306,1036,4.0
268,587,3.0
195,1291,3.0
463,4993,5.0
150,110,4.5
457,32,3.0
475,4993,5.0
134,4306,4.0
605,39,4.0
312,50,5.0
242,527,5.0
580,778,4.5
407,2628,4.0
468,316,2.0
355,4973,4.5
312,1196,4.0
239,1097,4.0
654,318,5.0
119,377,2.0
134,597,3.0
294,318,3.0
30,2762,5.0
607,2396,3.5
17,2571,5.0
580,364,3.5
509,1240,3.0
262,34,2.0
353,110,3.5
88,296,3.5
382,2396,3.0
77,4963,3.0
15,4963,4.0
514,733,3.0
607,1265,4.5
294,2396,4.0
243,344,3.0
73,1291,5.0
574,780,3.5
461,380,2.5
130,50,3.5
587,4993,2.5
119,593,4.0
19,316,3.0
580,4993,4.5
119,589,4.0
480,296,4.0
77,736,2.0
212,2716,2.5
405,586,4.0
19,357,5.0
306,260,5.0
461,589,5.0
212,6539,5.0
78,32,5.0
311,165,3.0
481,1682,4.0
654,1923,4.5
134,592,4.0
461,1923,3.0
23,4963,5.0
243,4963,3.5
580,293,3.0
577,6377,5.0
529,586,3.0
353,586,2.5
468,4963,2.5
242,648,4.0
664,2628,3.0
605,1617,3.0
23,608,4.5
212,2997,4.0
452,2918,5.0
105,1206,4.0
134,4973,5.0
353,6377,3.0
355,597,2.5
268,5952,4.5
615,733,3.5
514,586,3.0
585,1197,4.0
150,539,1.5
388,780,1.0
213,500,2.0
212,1721,2.5
213,377,4.0
268,2959,4.5
19,253,3.0
468,500,2.5
77,924,3.5
312,356,2.0
105,1221,4.0
380,1240,5.0
574,592,3.0
402,1580,3.5
220,588,3.0
353,150,2.0
213,1704,4.0
596,1221,5.0
505,364,2.5
220,2571,5.0
165,592,4.0
130,597,3.0
199,316,4.0
165,296,3.5
346,5349,5.0
547,1721,4.5
384,1270,4.0
577,47,4.0
56,4306,4.0
431,4973,5.0
452,1193,5.0
119,1198,4.0
561,1,3.0
111,1291,5.0
654,316,4.0
547,1617,4.5
564,1617,5.0
102,260,5.0
134,39,3.5
514,356,4.0
505,2762,3.0
128,5349,3.0
313,457,4.5
105,608,4.0
544,1200,5.0
529,1206,3.0
187,1089,4.0
285,733,3.0
19,364,3.0
388,32,4.0
577,165,4.5
48,7153,4.0
405,7153,5.0
430,364,5.0
150,1097,3.0
195,165,1.0
514,1213,5.0
468,736,2.0
577,1682,5.0
509,32,4.0
239,367,4.0
460,1704,4.0
78,1580,2.5
268,1704,4.0
165,539,2.0
388,1265,4.0
537,50,5.0
665,4993,5.0
78,4973,5.0
212,58559,4.5
472,1214,5.0
199,2028,4.0
77,8961,4.0
346,8961,4.0
358,377,3.0
285,1923,1.0
134,1036,3.5
220,2959,4.0
157,1196,3.5
463,5952,4.0
564,50,5.0
463,2028,4.0
457,7153,0.5
544,589,4.5
30,1213,5.0
95,357,4.0
544,1136,5.0
73,1036,4.5
78,1240,4.0
17,4973,4.5
355,4963,3.5
480,586,5.0
358,778,4.0
105,3793,3.0
547,253,0.5
596,1732,5.0
30,1580,4.0
544,260,4.0
48,1580,3.5
294,1198,4.5
574,1036,4.5
509,1214,3.5
306,1197,4.0
355,1291,5.0
128,4973,5.0
518,480,5.0
452,1200,3.5
607,1221,4.0
111,595,3.0
195,2396,5.0
457,2858,3.5
481,1732,5.0
405,1198,4.5
311,589,4.5
73,1136,3.0
358,1617,4.0
48,595,3.5
73,592,4.0
195,924,5.0
452,1198,4.0
380,1704,4.0
102,2858,5.0
598,6539,5.0
294,364,4.5
529,1200,2.0
346,47,2.5
587,4306,4.0
665,380,3.0
461,736,1.0
346,1580,3.5
468,2997,2.5
119,590,5.0
624,357,3.0
607,1136,5.0
157,6539,3.0
537,1193,5.0
382,500,3.0
574,357,2.5
587,1617,4.5
402,1265,4.5
128,2028,3.0
23,541,3.0
452,500,4.0
73,1198,5.0
624,2997,4.0
311,1210,3.5
452,1206,3.0
475,153,1.0
128,2628,4.0
547,924,5.0
380,1580,3.0
199,1196,5.0
130,4886,3.0
534,1732,2.0
313,5349,4.5
587,1193,4.5
56,2959,4.0
460,1617,3.5
346,924,1.0
150,380,4.0
212,3793,4.0
30,4886,4.0
380,593,5.0
615,1213,4.0
346,1214,3.5
547,1206,3.0
157,1036,3.0
537,296,4.0
468,58559,3.0
213,1291,3.0
313,32,3.0
468,597,2.5
17,4993,4.5
77,1732,3.5
544,1206,5.0
505,296,3.0
130,293,4.0
598,2918,5.0
529,587,2.0
306,2628,3.0
212,364,4.5
212,4993,5.0
130,380,3.5
598,1682,4.0
19,1036,4.0
353,2716,3.0
561,4306,3.5
452,539,4.0
262,588,2.0
306,587,4.0
480,2959,3.5
607,165,3.5
431,1097,5.0
105,1270,3.0
355,2628,4.0
242,541,5.0
624,1036,5.0
457,2997,4.0
30,1206,2.0
480,367,3.5
78,2571,5.0
150,457,4.0
292,3578,4.0
15,165,3.0
313,597,3.0
119,364,3.0
134,2571,4.0
654,377,4.0
457,377,1.5
130,595,3.5
312,1089,5.0
105,1923,4.0
596,8961,4.0
575,4306,5.0
430,1617,3.5
56,1704,5.0
23,457,3.5
472,1221,5.0
457,3578,2.5
95,733,4.0
457,2571,3.0
577,2858,5.0
119,1197,4.0
23,1732,4.0
88,539,3.5
534,1682,3.0
577,1270,5.0
105,4226,4.0
15,1923,4.5
358,1270,4.0
15,780,2.5
534,587,3.0
102,1036,4.0
439,1265,4.0
430,1036,4.0
480,778,4.0
78,2959,5.0
19,1,3.0
382,2997,1.0
313,586,3.0
537,1197,5.0
664,231,4.0
388,7153,4.0
313,6539,4.5
509,4993,4.5
355,1193,4.5
463,736,4.0
119,1206,5.0
587,2571,3.5
355,924,5.0
73,1210,5.0
472,1136,5.0
119,2571,4.0
23,1682,5.0
353,588,3.0
73,4226,4.5
534,153,3.0
457,1210,0.5
195,597,3.0
78,588,3.5
431,2959,4.5
130,736,3.0
382,364,3.0
460,1196,5.0
664,5952,4.0
463,1210,5.0
243,380,3.0
457,1617,3.5
561,153,3.0
212,2959,5.0
77,541,2.0
547,1193,4.0
607,293,4.5
577,597,3.0
463,4886,4.0
119,924,4.0
514,592,4.0
157,780,3.0
212,318,4.5
294,2571,4.5
73,2918,4.5
311,318,4.5
564,597,4.0
430,2858,5.0
243,1682,4.0
481,527,3.5
608,541,4.0
405,648,2.0
430,1196,4.5
306,595,4.0
608,293,3.0
587,1198,4.5
130,150,4.0
388,2716,5.0
195,1270,3.0
430,4973,5.0
461,527,4.0
475,1198,5.0
128,527,5.0
88,357,5.0
529,1073,4.0
580,1197,4.0
580,58559,5.0
457,380,2.5
77,10,3.0
78,648,5.0
402,3793,3.0
380,1196,4.0
575,1197,5.0
105,1291,3.0
388,296,5.0
78,778,4.5
353,1198,3.5
480,590,4.0
430,47,5.0
346,1200,4.0
213,597,3.0
380,592,4.5
518,1221,3.0
407,253,3.0
624,593,5.0
564,34,3.0
102,778,4.0
262,1732,3.0
130,592,3.5
624,10,4.0
580,1036,3.0
17,296,5.0
165,593,3.0
547,586,3.0
380,3793,4.0
407,4306,4.0
518,1682,4.0
654,3793,4.0
534,377,4.0
654,1193,3.5
480,1923,5.0
232,1193,5.0
509,858,5.0
439,4963,4.0
130,1196,5.0
480,377,5.0
232,1721,4.0
431,1196,5.0
461,4226,4.5
624,1213,5.0
574,293,5.0
134,457,4.5
461,34,3.5
313,7153,5.0
77,1197,4.5
15,480,3.0
102,527,4.0
30,1214,4.0
30,1200,3.0
608,2858,4.0
176,541,3.0
596,1097,3.5
242,1214,5.0
105,1617,5.0
306,296,4.0
431,6377,4.0
353,1073,2.0
353,344,3.0
405,377,2.0
430,1265,5.0
430,4963,4.0
598,4306,4.0
607,4306,4.5
431,150,4.0
547,4306,3.0
355,480,3.5
505,2918,2.5
134,2762,4.5
468,858,4.0
518,356,5.0
518,1721,1.0
130,2858,2.0
387,357,3.0
587,2028,4.5
262,2918,4.0
195,608,4.0
306,590,3.0
648,344,3.0
73,5349,4.0
292,590,3.0
15,2716,4.0
577,1196,5.0
561,2396,3.5
358,1265,5.0
460,2959,3.5
285,1198,4.0
481,7153,4.0
534,364,5.0
624,648,3.0
294,165,3.0
292,318,5.0
529,588,3.0
88,39,3.0
380,1136,4.0
73,253,3.5
509,8961,4.5
187,356,4.5
212,150,4.0
346,4306,4.0
213,165,3.5
313,2959,2.5
388,377,4.0
463,318,5.0
134,1136,5.0
461,1198,5.0
608,296,5.0
652,3793,4.0
608,356,3.0
130,2918,4.5
232,253,5.0
355,589,4.0
212,1580,1.5
380,296,5.0
480,3793,3.5
306,34,4.0
452,2571,2.0
73,588,5.0
577,8961,5.0
313,778,4.0
461,590,4.0
199,296,5.0
509,357,3.0
102,253,3.0
585,34,4.0
607,6539,5.0
130,356,3.5
564,356,3.0
30,1089,5.0
547,5349,3.0
77,3578,3.0
607,7153,4.5
423,1097,3.5
165,2762,5.0
165,1291,3.0
346,527,1.0
624,590,3.0
580,1221,4.0
187,344,3.0
88,588,3.0
111,2858,4.0
165,2918,5.0
247,588,3.0
165,2997,3.0
580,357,3.5
463,4973,4.0
105,1682,3.5
509,367,2.0
537,593,4.0
561,500,3.0
306,356,5.0
587,2762,4.0
598,1270,4.0
430,590,4.0
306,608,4.0
358,587,4.0
73,5952,5.0
463,380,4.0
353,780,1.5
518,1240,4.0
195,1923,4.0
312,1291,2.0
355,592,3.5
311,597,5.0
423,1682,3.0
239,539,3.0
480,110,4.0
457,5349,1.5
472,4306,4.0
165,4886,3.0
56,50,4.0
355,457,3.0
468,2762,3.0
514,595,3.0
468,590,3.0
262,4306,2.5
23,527,3.5
518,608,5.0
355,1196,5.0
574,32,4.5
468,457,3.5
232,1089,5.0
311,153,3.0
461,1089,4.5
119,457,3.0
346,2918,1.5
165,377,3.0
187,480,3.5
220,1,2.0
577,1291,5.0
585,1214,5.0
505,1240,3.0
405,1214,3.5
312,3578,5.0
355,780,3.0
358,2716,3.0
128,597,5.0
358,47,3.0
468,34,3.5
346,2762,1.0
130,1200,4.0
480,2028,5.0
585,527,5.0
102,1265,5.0
313,595,4.0
598,260,5.0
73,1089,3.5
111,4963,4.5
56,260,2.0
475,5952,5.0
165,380,4.0
353,924,3.0
232,590,5.0
463,733,3.0
30,1265,4.0
580,6539,3.0
380,2959,5.0
596,1265,4.0
78,47,4.0
648,1732,5.0
596,316,3.5
130,1210,4.0
439,593,5.0
547,1270,3.5
431,4993,4.5
73,1196,5.0
461,1580,2.0
624,150,3.0
17,2959,5.0
461,2628,1.5
73,1221,5.0
311,1036,4.5
48,1097,3.5
306,364,4.0
187,2997,2.5
134,3114,3.5
574,1732,4.5
88,2997,4.0
514,1089,4.0
564,1270,3.0
461,39,4.5
213,2716,2.0
574,367,3.0
48,4226,3.5
243,34,3.5
380,1721,3.0
380,1210,4.0
472,377,4.0
78,1923,1.5
574,47,4.5
561,1265,3.5
30,1221,5.0
23,1210,4.0
665,1196,4.0
119,1097,4.0
514,318,5.0
514,377,3.0
30,539,3.0
534,1580,4.0
294,1704,3.0
232,1291,4.0
130,5349,4.0
17,32,4.5
624,589,3.0
481,778,4.5
580,1265,3.5
624,1682,3.0
102,858,5.0
481,1198,4.0
313,527,5.0
596,10,3.5
577,480,4.0
654,165,4.0
285,153,2.0
15,380,4.0
615,4963,3.5
664,1221,4.5
460,7153,4.5
285,2918,4.0
212,1923,2.0
574,1,4.0
213,539,2.0
561,3578,3.5
88,318,4.0
387,593,4.0
19,150,3.0
380,858,4.5
355,47,5.0
605,253,3.0
461,165,2.5
312,480,1.0
187,2858,5.0
624,2716,5.0
299,4973,3.0
30,500,4.0
23,1198,4.5
306,1704,4.0
212,4886,4.0
624,165,4.0
77,457,2.5
664,457,3.5
294,39,4.0
607,344,2.5
313,1240,3.5
102,2716,4.0
165,586,4.5
514,231,2.0
311,356,5.0
268,541,2.0
358,34,5.0
78,3793,4.0
242,1291,5.0
431,7153,4.5
607,1240,4.0
88,736,3.5
134,1210,4.5
306,1210,4.0
23,50,4.0
30,480,4.0
382,4226,1.0
30,780,4.0
358,1089,3.0
430,2918,5.0
195,150,3.0
285,1136,4.0
388,364,3.0
384,153,3.0
88,2628,0.5
243,480,2.5
664,2571,4.5
505,589,3.0
481,4973,5.0
402,2762,3.0
463,457,3.0
306,47,4.0
402,588,4.0
187,595,4.5
596,1923,4.0
564,1089,5.0
212,588,3.0
220,539,2.0
461,7153,5.0
130,2028,4.0
285,260,5.0
134,1073,5.0
346,1198,5.0
431,2396,5.0
243,588,4.0
212,377,4.0
654,1198,5.0
461,10,2.0
624,1580,4.0
472,47,4.0
439,1580,2.0
130,5952,4.0
157,32,4.0
472,589,2.0
463,47,4.0
452,2959,2.0
388,4963,4.0
472,1200,4.0
654,593,4.5
468,4226,3.5
574,1213,4.5
654,590,4.5
430,1198,4.0
544,2571,4.0
430,2028,4.0
509,1196,5.0
509,7153,4.5
564,150,3.0
213,356,2.0
306,1,3.0
580,589,4.5
353,590,3.0
95,778,5.0
111,593,4.0
407,50,4.0
313,110,5.0
311,541,2.0
388,2762,4.0
247,357,3.0
268,8961,4.5
242,1196,5.0
574,1265,4.5
561,4226,3.0
243,1097,4.0
423,318,4.0
78,1682,3.5
30,597,4.0
423,1198,4.0
88,4963,4.5
580,3114,4.0
77,6539,4.0
452,3578,4.0
165,736,2.5
15,6539,3.5
313,4226,3.5
187,296,4.5
157,344,1.0
481,1196,5.0
518,924,3.0
388,318,5.0
212,593,4.0
111,1721,1.5
564,595,4.0
48,593,3.5
195,356,2.0
402,6539,3.0
468,6377,3.5
575,1,3.0
165,1580,2.5
242,1213,4.0
78,150,3.5
150,1196,4.0
119,32,4.0
580,318,4.0
111,1073,4.5
574,1240,3.5
468,587,2.5
380,367,3.0
664,6539,4.0
313,587,3.0
355,364,4.0
247,780,4.0
664,778,4.5
587,1213,4.0
648,1136,4.0
615,1732,4.5
262,39,2.5
313,1,4.0
130,231,3.5
242,357,4.0
73,2716,4.5
430,5952,4.0
439,1923,4.0
119,1240,4.0
165,2028,4.0
73,597,3.0
77,4993,3.0
654,364,5.0
608,592,4.0
580,2571,4.5
534,1213,4.0
73,608,4.0
480,50,4.5
313,34,4.0
388,1270,4.0
463,587,4.0
355,4226,4.0
574,150,3.0
111,2997,3.0
537,150,4.0
457,3114,1.5
585,1240,5.0
268,2716,4.5
157,47,3.5
648,2959,2.5
544,110,4.0
213,4306,3.5
232,1210,4.0
285,608,5.0
312,3114,3.0
213,592,3.5
575,595,5.0
292,527,5.0
580,4886,4.0
654,4963,4.0
431,4963,4.0
262,597,2.0
95,780,4.0
505,1136,4.5
580,1193,4.0
243,2716,4.0
312,608,5.0
624,4886,4.0
481,318,3.5
78,2028,2.5
220,1213,5.0
388,597,3.0
388,1196,4.0
380,1036,4.0
313,589,3.5
150,858,3.5
150,592,3.0
213,58559,3.5
212,1136,3.5
358,586,3.0
575,364,3.0
615,1200,4.0
355,8961,4.5
615,2959,4.5
311,1270,4.5
56,4886,4.0
580,480,3.0
402,1210,4.5
518,595,5.0
30,924,4.0
452,2028,4.0
358,2762,5.0
509,1097,3.0
457,356,3.5
243,364,3.5
73,500,3.5
78,736,4.5
150,5349,2.5
262,4226,3.0
30,2028,5.0
268,39,3.5
387,924,4.0
380,6377,2.5
243,500,3.5
232,2762,3.0
285,527,5.0
268,480,4.5
574,608,5.0
664,1213,4.0
313,357,3.5
268,589,5.0
353,1270,3.0
564,2997,4.0
220,648,4.0
475,541,4.0
23,316,3.5
285,1214,2.0
384,589,5.0
262,778,3.5
346,4963,4.0
615,2858,4.0
382,4973,5.0
598,4226,5.0
547,39,3.0
88,4226,3.0
23,34,3.5
561,5349,4.0
518,253,5.0
607,1,4.5
380,3114,5.0
232,608,5.0
472,595,5.0
247,153,3.0
199,1213,3.5
195,2628,3.0
624,539,3.0
402,260,4.0
537,500,2.0
150,590,3.0
607,47,4.0
176,2997,2.0
580,858,5.0
577,231,3.5
509,1221,5.0
130,1617,3.5
48,293,5.0
56,7153,4.0
242,1704,5.0
268,1580,4.0
607,1196,4.5
518,1196,5.0
607,3793,4.5
654,344,4.5
355,1036,4.0
624,344,3.0
78,1265,2.0
213,1,3.0
346,3114,3.5
19,377,3.0
88,1197,4.0
48,296,4.5
88,4973,5.0
607,356,5.0
292,153,3.5
596,541,3.5
457,47,4.5
439,858,5.0
119,50,4.0
23,150,3.5
596,2858,5.0
262,527,3.0
306,318,5.0
232,1196,4.0
544,4973,3.5
587,1214,3.5
439,589,4.0
355,260,5.0
382,8961,5.0
654,527,5.0
165,3578,3.5
605,3793,2.0
187,5952,1.0
285,1210,5.0
220,2396,3.0
150,500,1.5
56,47,4.0
306,1196,4.0
111,1580,4.0
353,500,1.0
382,7153,4.0
544,293,4.5
247,165,4.0
176,6539,4.0
665,4226,4.0
212,1704,4.5
312,588,3.0
585,1580,3.0
30,3578,4.0
77,1136,4.5
15,8961,2.0
212,457,3.0
529,4973,4.0
468,1617,3.0
353,364,2.0
452,593,5.0
176,4973,3.5
312,1198,2.0
30,1,4.0
564,2959,5.0
624,2762,4.0
529,2858,5.0
461,253,2.5
468,1923,2.0
461,1197,5.0
242,1721,5.0
505,1732,2.0
232,1704,4.0
665,377,3.0
460,2918,4.5
574,4226,3.5
311,1,3.0
547,541,3.5
547,2716,4.0
73,2571,4.5
128,588,5.0
505,380,3.0
268,377,4.5
529,858,3.0
537,1200,2.0
574,5349,3.0
73,34,2.5
481,1210,5.0
514,39,3.0
285,736,2.0
111,344,3.0
460,457,3.5
128,1721,5.0
475,7153,5.0
380,4993,4.5
130,4963,3.5
624,47,4.0
294,539,4.0
380,1682,4.0
452,110,4.0
481,2918,3.5
514,357,4.0
598,527,4.0
577,3114,5.0
130,6377,3.0
105,2028,3.0
15,260,5.0
472,1,5.0
624,6377,3.5
596,2918,1.0
427,4973,5.0
306,1682,4.0
580,1580,2.5
312,589,5.0
402,587,4.0
19,1196,5.0
15,3578,2.0
212,858,5.0
452,457,4.0
17,377,0.5
187,3114,4.0
285,231,1.0
239,457,3.0
607,5349,4.5
19,1221,5.0
134,377,3.5
430,1089,4.5
480,1206,4.0
472,3793,3.0
247,1291,5.0
73,6539,4.0
187,39,4.5
472,1193,5.0
452,2762,5.0
529,1270,3.0
213,344,1.0
431,527,4.5
580,47,4.0
157,924,3.5
268,1196,5.0
664,2762,4.5
306,1213,5.0
119,1291,3.0
457,318,5.0
242,733,5.0
213,586,2.0
463,1036,4.0
580,1240,3.5
199,50,4.5
15,648,4.0
575,1291,3.0
213,1721,2.5
405,110,2.0
534,457,4.0
134,296,4.5
457,2762,3.0
119,1213,4.0
388,356,4.0
268,3793,3.5
577,34,5.0
268,4226,5.0
547,4963,4.5
313,1198,4.0
460,1291,4.0
475,58559,5.0
77,2918,4.5
232,500,4.0
564,780,2.0
580,3793,4.0
544,3578,4.0
574,4993,4.0
577,1265,4.5
268,58559,5.0
665,539,4.0
220,4973,5.0
537,480,3.0
580,110,4.5
529,356,3.0
134,593,5.0
654,457,4.5
294,588,5.0
243,1136,4.0
615,1193,3.0
88,1580,2.5
607,50,4.5
509,1206,4.0
157,2628,2.5
105,1580,4.0
561,1097,3.0
427,6377,4.0
380,4963,4.0
15,1214,4.0
88,924,4.0
77,296,3.5
220,1580,4.0
23,3114,3.5
243,7153,5.0
580,500,3.5
580,260,4.0
561,733,4.0
580,648,2.5
387,2997,5.0
624,2571,2.0
384,260,4.5
596,165,3.5
452,3793,1.0
102,150,4.0
405,2918,1.5
30,2858,5.0
547,1265,5.0
105,780,2.5
294,527,4.0
388,541,5.0
596,150,3.5
102,593,4.0
461,593,5.0
607,1200,4.0
77,1196,4.5
119,1580,4.0
577,110,4.5
518,380,3.0
624,480,3.0
176,4306,3.5
23,1097,5.0
77,253,2.5
199,780,3.5
292,1197,5.0
353,597,1.5
105,47,4.0
299,541,4.0
380,58559,5.0
157,4993,3.5
468,1265,3.5
547,1213,5.0
239,3114,5.0
119,608,5.0
157,34,1.0
15,364,4.0
664,858,4.0
518,1036,3.0
577,1097,5.0
292,4993,4.0
77,1,4.0
561,1197,4.5
195,318,3.0
461,1196,5.0
306,357,4.0
355,6539,4.0
56,1213,4.0
654,34,4.5
346,541,5.0
439,316,4.0
353,1704,3.5
577,2396,4.5
19,356,5.0
564,2396,3.0
382,1721,2.0
187,7153,1.0
292,1291,4.0
564,1210,3.0
134,8961,3.0
509,1036,2.5
574,1210,3.5
518,2396,5.0
575,1136,5.0
580,1206,4.5
452,1240,4.0
468,3114,4.0
460,4226,5.0
313,2396,3.0
220,2762,5.0
564,587,1.0
574,2858,5.0
402,5952,4.0
15,7153,1.5
664,8961,4.0
23,1580,3.5
312,648,4.0
648,733,2.0
19,608,5.0
384,3578,4.0
128,1,5.0
150,50,4.5
119,1036,4.0
457,34,1.0
648,296,5.0
15,924,5.0
514,593,4.0
239,356,5.0
580,296,4.5
475,1196,5.0
78,4306,1.5
353,4963,3.5
353,2628,2.0
111,2571,5.0
615,2571,4.5
157,2762,4.0
48,6539,4.0
102,457,3.0
73,2628,2.5
23,592,3.5
134,780,4.5
355,2716,4.0
19,588,3.0
199,924,3.5
262,1221,3.0
130,608,2.0
23,153,3.0
472,541,5.0
564,1580,4.0
430,4886,5.0
111,1704,4.0
430,2396,4.5
564,367,4.0
475,8961,4.0
56,1193,4.0
561,588,3.5
580,5952,4.0
165,1200,3.5
15,5349,1.0
518,648,4.0
306,858,4.0
605,924,1.0
299,1732,5.0
15,110,3.0
212,2762,3.5
15,586,2.0
481,1097,4.5
615,1214,4.5
472,1732,4.0
654,32,5.0
292,6377,4.5
452,778,4.0
102,1198,4.0
268,500,3.0
665,2628,3.0
439,1206,2.0
664,110,4.0
134,1,3.5
452,5952,1.0
195,1200,4.0
313,480,4.0
457,165,2.5
615,2762,4.0
30,595,5.0
457,1682,3.0
23,1221,4.5
518,39,4.0
430,2997,5.0
587,1136,4.0
77,1240,4.5
150,1198,4.0
119,1196,4.0
534,539,4.0
311,1213,3.0
380,1923,5.0
607,587,2.5
294,4306,5.0
105,150,3.0
430,1197,4.5
648,1221,3.5
472,4886,5.0
247,480,4.0
358,457,2.0
355,778,4.5
529,6377,4.0
608,2396,3.0
130,527,4.0
285,50,5.0
23,3578,4.0
430,1291,4.0
358,32,3.0
95,2716,5.0
452,648,3.0
518,1214,4.0
247,1265,4.0
547,380,3.0
514,150,4.0
481,4963,3.5
585,1206,5.0
157,2959,4.5
382,4993,4.0
575,3793,1.0
505,1580,3.0
134,367,2.0
78,1704,5.0
247,457,5.0
17,480,0.5
518,587,4.0
292,39,4.5
577,4993,5.0
88,1097,3.5
380,1214,4.0
596,357,3.5
88,595,3.5
427,2396,5.0
463,296,3.0
544,2858,4.0
605,1291,3.0
664,597,3.0
648,1206,3.5
17,318,5.0
430,1073,4.0
292,5952,3.5
461,587,3.0
384,2959,4.0
407,457,4.0
607,586,2.0
430,150,4.0
30,356,5.0
268,1617,3.0
111,50,4.0
312,357,4.0
15,32,4.0
665,364,5.0
294,480,4.0
23,586,3.5
564,593,5.0
157,1265,3.0
575,1198,5.0
19,593,3.0
514,293,4.0
95,253,4.0
509,318,4.0
353,2762,3.5
468,1721,2.5
624,296,5.0
292,858,4.5
388,1721,4.0
30,1198,5.0
105,1036,4.0
587,2396,5.0
73,648,3.0
580,316,2.5
509,1682,3.0
312,733,3.0
232,589,3.0
195,1265,2.0
292,1580,3.5
596,2959,5.0
514,1073,4.0
547,58559,2.5
262,500,3.5
384,58559,4.0
380,780,4.0
232,588,5.0
15,4973,2.0
461,1291,3.5
23,4993,4.0
346,1210,5.0
580,733,2.5
313,1682,3.5
480,357,4.0
355,527,4.0
624,1210,5.0
388,47,5.0
664,4226,4.5
232,1213,4.0
580,50,4.0
463,1291,3.0
312,593,5.0
431,3793,3.5
388,480,4.0
423,1136,4.5
130,4993,5.0
105,344,3.0
19,1210,4.0
481,608,4.5
306,500,4.0
56,4226,4.0
355,593,4.5
463,39,3.0
457,1213,5.0
380,5349,4.0
452,586,3.0
165,293,5.0
534,47,5.0
665,1073,5.0
262,736,2.0
509,1136,5.0
461,1193,3.5
405,357,4.0
212,527,5.0
564,1,4.0
468,541,3.5
213,364,2.5
78,1210,4.0
285,588,4.0
547,1196,2.5
157,1214,4.0
534,586,4.0
577,593,4.0
624,50,4.0
88,780,3.5
607,8961,4.5
481,6539,3.0
30,1682,5.0
468,2918,3.5
15,3793,2.0
624,1097,4.0
195,34,4.0
232,2918,2.0
452,1036,4.0
388,1089,4.0
596,780,3.5
73,7153,5.0
105,539,3.0
358,364,4.0
299,1089,4.5
292,367,3.5
95,3578,5.0
48,527,4.5
355,1136,5.0
150,2028,4.5
615,1089,4.0
73,380,3.0
294,6377,4.0
577,541,5.0
615,47,4.5
220,778,5.0
607,4993,4.5
505,110,2.5
242,1206,5.0
157,4973,4.0
262,593,5.0
19,1200,4.0
23,318,5.0
165,4306,4.0
580,1198,3.5
380,4226,5.0
654,500,4.5
150,2571,5.0
353,1291,3.0
213,4993,4.5
30,260,4.0
514,597,3.0
564,1213,3.0
294,2997,3.0
480,1617,4.5
505,6377,4.0
212,47,3.5
547,1221,4.0
88,231,0.5
480,4963,3.0
652,5349,4.0
157,4306,3.0
268,2858,3.0
150,231,3.0
150,1721,4.5
596,595,3.0
130,648,2.0
105,5952,5.0
564,296,5.0
56,4993,4.0
461,4993,4.5
294,587,3.0
128,253,1.0
452,587,4.0
242,318,5.0
587,541,4.0
150,4993,4.5
665,2959,5.0
56,296,4.0
615,527,4.5
514,316,3.0
380,316,4.0
461,4973,4.5
461,1206,4.0
461,50,4.0
382,539,3.0
23,6539,4.5
405,5952,4.5
648,4306,3.5
220,1221,5.0
423,1240,4.0
311,608,4.0
77,4306,3.5
388,2628,2.0
346,3793,5.0
30,165,4.0
534,733,5.0
509,6377,3.5
17,5349,1.5
150,2628,3.5
665,253,4.0
505,356,4.0
312,457,4.0
311,364,3.0
564,589,5.0
268,1682,4.0
102,2762,4.0
48,1682,3.5
388,593,4.0
480,4226,5.0
30,1036,4.0
73,736,1.5
654,2858,5.0
355,344,3.0
102,1210,3.0
574,1682,3.5
596,648,3.5
529,2396,3.0
358,1721,2.0
48,5952,4.0
199,4963,4.0
176,1721,2.0
605,1265,3.0
15,1210,5.0
463,32,4.0
285,1270,4.0
384,356,3.0
509,50,5.0
128,780,5.0
119,595,4.0
119,1193,5.0
664,367,3.5
165,733,3.0
247,1270,4.0
598,1617,5.0
615,5952,4.0
514,1210,4.0
384,1196,5.0
165,110,4.5
427,2762,3.0
475,1,4.5
134,5349,4.5
463,260,5.0
561,648,3.5
242,47,4.0
88,6377,4.0
73,316,3.0
353,253,3.0
615,344,3.0
23,2028,4.0
88,4886,4.0
624,924,4.0
23,2762,4.0
346,32,3.0
461,2858,2.0
423,1221,3.5
472,588,3.0
111,592,4.0
294,3114,4.0
306,2997,3.0
187,364,4.5
119,1089,4.0
574,344,2.5
232,1265,4.0
73,2028,4.5
213,47,2.5
199,1240,4.0
518,260,5.0
380,344,4.0
580,2762,4.0
199,1682,4.0
220,377,3.0
407,150,5.0
615,2028,4.5
534,648,4.0
111,527,4.0
150,367,3.0
88,2571,4.0
73,4306,4.0
509,2028,3.0
468,1200,3.0
402,5349,3.0
475,2571,5.0
461,1682,2.5
134,7153,3.0
585,858,5.0
220,1923,2.0
247,597,3.0
130,457,4.0
292,608,4.5
292,7153,3.5
575,457,5.0
509,5349,3.0
242,1193,5.0
294,500,4.0
157,1198,3.5
355,153,3.0
176,593,4.0
430,1,4.0
212,1221,5.0
430,592,3.5
514,1198,5.0
102,1089,4.0
77,260,4.0
213,6377,2.5
212,597,3.5
268,153,2.0
199,5952,3.0
294,1097,3.0
105,50,4.5
292,110,4.0
439,2997,4.0
564,1214,5.0
30,150,5.0
358,1197,5.0
468,1704,3.0
380,589,4.0
353,153,1.5
648,2571,1.5
481,260,5.0
607,1213,3.5
195,858,5.0
311,316,2.5
664,1,3.5
213,316,4.5
19,1097,5.0
243,2028,3.5
306,1617,4.0
452,2716,4.0
73,3114,4.0
78,480,3.5
402,780,4.0
88,500,2.5
15,50,5.0
157,589,4.0
313,8961,4.5
505,480,3.0
481,1240,3.5
311,733,2.5
213,1073,1.5
388,6539,4.0
457,367,2.5
150,5952,4.5
587,858,5.0
232,32,5.0
102,1617,5.0
577,1073,4.0
105,2762,3.5
199,1214,5.0
580,4306,4.0
575,2716,5.0
294,780,4.5
431,1198,4.5
564,539,5.0
111,6377,3.5
285,592,4.0
529,1198,3.0
243,1206,4.0
78,924,2.0
534,480,3.0
605,357,3.0
654,1240,4.5
213,593,2.5
607,1210,4.5
607,377,3.5
423,356,2.5
242,1097,5.0
472,2858,2.0
294,1,4.0
232,733,4.0
615,4886,4.5
111,231,0.5
561,1270,4.0
268,457,4.0
387,1213,5.0
624,5952,4.0
95,593,5.0
431,1291,4.0
346,5952,1.0
15,1136,2.5
608,1721,4.0
243,733,4.0
607,1682,3.5
242,2858,5.0
461,539,3.5
30,47,4.0
306,648,3.0
243,253,4.0
452,3114,3.0
608,34,4.0
380,4973,4.5
56,318,4.0
468,595,3.0
312,2762,2.0
187,500,3.5
468,1198,3.5
73,1580,3.0
537,1270,4.0
111,586,3.0
157,316,3.0
580,2628,2.0
195,2028,5.0
187,367,3.5
585,39,4.0
534,736,5.0
56,5952,4.0
187,58559,4.0
285,2028,5.0
15,1073,3.0
407,2396,5.0
547,150,4.0
402,356,5.0
580,588,2.5
15,2571,5.0
457,1089,4.0
157,1682,4.0
544,1270,4.5
119,1704,5.0
388,589,4.0
452,858,5.0
407,4993,5.0
518,165,3.0
23,1291,3.5
311,586,3.0
292,32,4.5
306,380,5.0
134,924,4.0
463,2997,2.0
380,1221,4.0
56,1682,5.0
119,1,2.0
311,1580,3.0
452,1291,4.0
165,780,4.0
48,8961,3.5
664,1089,4.5
128,356,5.0
457,4886,1.0
346,7153,1.0
48,58559,4.0
624,3793,4.0
608,1704,3.0
111,318,4.0
665,590,4.0
509,588,3.5
56,377,4.0
518,34,5.0
306,1240,5.0
150,1265,3.5
518,1,5.0
199,380,3.5
481,1704,3.5
463,5349,4.0
608,2628,2.0
313,367,3.5
615,1270,3.5
306,924,4.0
475,592,4.0
580,539,1.5
294,1036,3.5
157,733,3.0
607,2716,3.5
292,480,3.5
105,3578,4.5
665,588,4.0
608,2762,4.0
313,648,4.0
73,231,3.5
534,1721,5.0
537,648,3.0
384,380,4.5
353,2959,4.0
430,357,4.0
88,527,4.0
268,1240,4.5
311,457,4.5
596,2028,4.0
509,1197,4.0
380,2571,5.0
312,1214,5.0
598,780,3.0
380,539,1.5
514,380,3.0
294,7153,4.0
220,597,3.0
461,586,2.5
518,2716,4.0
294,1291,4.5
405,1210,4.5
461,1213,4.0
358,1198,5.0
431,3578,4.5
577,858,5.0
457,592,2.5
157,2716,3.5
461,2396,3.0
481,2571,4.0
561,4973,3.5
608,1213,5.0
534,367,3.0
294,595,5.0
509,296,5.0
150,1240,3.5
48,1,4.0
547,318,5.0
17,736,2.5
30,364,3.0
212,1240,3.5
130,110,3.0
19,589,3.0
312,316,2.0
460,318,5.0
575,1210,4.0
463,316,4.0
176,34,2.0
407,4963,4.0
242,2628,5.0
105,1089,4.0
654,380,4.0
128,4306,5.0
664,593,4.5
88,733,3.0
134,165,4.0
654,592,4.5
292,648,4.0
605,1136,3.0
242,2997,5.0
15,1721,1.5
292,2571,4.0
430,32,5.0
608,1214,4.0
157,5952,3.5
608,1036,4.0
384,364,3.0
243,367,3.0
475,3578,4.0
439,1200,4.0
480,588,3.5
615,2997,3.5
312,736,4.0
607,592,3.5
654,597,4.0
294,4963,4.0
15,6377,1.0
19,318,4.0
111,10,3.5
212,1198,3.0
294,3793,4.5
580,377,2.5
294,4886,4.5
615,593,4.0
48,4306,4.0
654,1,5.0
608,1617,5.0
119,1682,3.0
463,527,5.0
481,1291,4.0
407,1704,5.0
292,586,3.5
608,1,4.0
587,608,4.0
23,589,3.5
575,2918,4.0
461,778,4.0
509,1721,2.0
150,153,3.0
596,1721,4.0
461,2716,4.5
292,736,4.5
514,480,4.0
306,1136,4.0
665,3578,5.0
580,924,3.0
213,1240,3.5
311,357,5.0
313,5952,4.5
176,2716,2.5
17,4226,5.0
461,733,2.0
605,2997,4.0
388,4226,5.0
544,58559,4.5
596,4973,5.0
134,5952,3.0
102,1221,5.0
232,1097,4.0
509,4886,4.5
128,587,5.0
355,10,3.5
534,110,5.0
380,541,4.0
598,3114,3.0
268,1923,4.0
509,3578,3.0
475,1214,4.0
431,1270,4.5
77,2858,3.0
17,356,2.5
56,778,4.0
547,1198,2.0
212,500,2.5
402,595,4.0
547,1704,3.0
78,10,5.0
212,344,1.0
430,733,4.0
388,858,5.0
514,1097,5.0
407,5349,3.0
285,500,4.0
537,253,2.0
481,2858,4.5
220,593,4.0
615,260,3.5
243,2959,4.0
431,2858,4.5
461,3114,3.5
457,39,2.0
534,293,3.0
212,1193,2.5
664,1198,4.5
262,3578,2.5
480,3578,5.0
23,1197,5.0
165,4226,3.5
247,1036,5.0
561,364,4.0
268,1732,4.5
77,1265,4.0
596,1196,3.5
654,1210,4.0
654,1721,5.0
306,2396,4.0
480,6377,4.5
220,1089,4.0
463,1193,5.0
150,318,5.0
607,367,3.0
475,3114,3.5
232,527,4.0
77,5349,4.0
212,110,5.0
299,47,4.5
262,253,3.0
654,153,3.5
577,1704,5.0
439,924,2.0
598,2762,4.0
407,1206,5.0
468,260,3.5
388,50,5.0
665,587,5.0
380,590,4.0
242,592,5.0
615,8961,4.0
312,1200,4.0
605,2716,3.0
452,1923,3.0
534,1265,3.0
262,595,3.5
564,1732,5.0
580,8961,4.5
311,587,3.0
624,1200,2.0
405,260,5.0
665,2028,4.0
56,1197,4.0
547,2858,5.0
15,589,4.0
518,592,3.0
56,39,5.0
575,590,3.0
463,1732,3.0
388,1221,5.0
544,1682,4.5
380,4886,4.0
78,1200,4.5
358,589,5.0
596,6377,3.5
405,2858,0.5
509,2628,3.0
268,1206,3.0
157,58559,4.5
157,377,3.0
461,3578,3.5
165,1270,3.5
355,1221,5.0
598,1198,4.0
134,260,3.5
294,457,3.5
119,648,3.0
461,608,4.0
607,589,3.5
430,50,5.0
577,1240,5.0
509,1265,2.0
23,648,4.5
195,1221,5.0
472,1580,5.0
30,589,4.0
15,588,0.5
407,2959,5.0
119,253,2.0
30,541,4.0
358,593,5.0
509,1073,3.0
187,2396,4.5
607,648,3.5
460,1073,5.0
15,539,2.0
654,1265,4.0
262,1206,4.0
468,377,3.0
480,165,5.0
624,592,3.0
187,1097,3.5
312,1617,4.0
461,1617,5.0
346,1036,3.5
561,586,3.0
665,2918,5.0
312,597,5.0
213,1682,2.5
292,377,4.0
355,2858,5.0
111,2628,2.5
430,356,4.5
268,588,4.5
580,1214,4.0
243,541,3.5
534,1923,4.0
480,1732,4.0
664,2028,4.5
268,2918,5.0
405,858,5.0
388,260,4.5
460,1213,4.0
480,34,3.5
212,4226,5.0
505,318,3.5
624,6539,3.5
580,1270,3.0
15,1200,4.0
213,260,5.0
561,296,4.5
598,110,4.0
355,7153,5.0
575,1721,1.0
165,367,3.5
262,47,5.0
130,589,3.5
472,6539,3.5
509,587,2.0
475,260,5.0
232,1682,3.0
313,2858,3.5
195,1214,5.0
537,587,3.0
547,1200,3.5
514,110,3.0
243,1721,3.5
596,1580,3.0
294,597,3.0
665,231,1.0
199,1732,3.5
605,541,3.0
452,1097,5.0
285,293,5.0
598,858,4.0
243,6539,4.0
30,4963,5.0
313,344,2.5
585,593,5.0
544,356,4.0
262,1193,3.5
247,377,4.0
514,253,4.0
598,4886,4.0
607,1073,3.0
654,110,4.5
30,527,5.0
306,1923,4.0
664,7153,4.0
306,2918,4.0
165,480,3.0
128,1617,2.0
268,6377,4.5
15,4886,5.0
665,165,3.0
472,1617,5.0
427,8961,3.5
199,1136,5.0
30,4226,3.0
19,500,3.0
461,293,4.0
423,1206,5.0
285,10,4.0
187,1704,5.0
242,1732,4.0
402,2716,3.5
213,380,2.0
452,150,4.0
78,253,5.0
534,1,5.0
431,47,5.0
509,364,3.5
268,32,3.0
648,367,3.5
77,2959,4.0
564,2571,3.0
355,318,5.0
380,150,4.0
353,4886,3.0
30,1291,4.0
457,1265,3.5
547,457,4.0
17,2028,3.5
430,1240,2.0
346,4993,4.0
481,541,5.0
243,1291,4.5
311,34,4.5
577,2716,4.5
518,539,5.0
56,1198,4.0
358,539,3.0
382,39,2.0
605,1704,4.0
547,344,0.5
150,6539,4.0
56,541,4.0
157,7153,3.5
664,165,3.5
311,380,3.5
654,4993,5.0
575,1073,4.0
452,480,5.0
268,539,5.0
472,1097,4.0
607,318,5.0
30,110,5.0
128,364,5.0
243,924,2.5
461,500,1.5
77,110,3.5
463,1200,4.0
119,47,5.0
30,32,2.0
518,500,4.0
242,50,5.0
88,1073,3.0
598,4963,4.0
463,1198,4.0
157,4226,4.5
423,1073,4.5
664,592,4.0
387,318,5.0
88,1265,2.5
242,924,5.0
23,1265,4.0
529,2762,3.0
472,1270,3.0
358,2571,5.0
468,356,3.0
475,1097,3.5
311,1291,4.5
212,357,2.5
577,2571,4.5
346,2716,4.5
268,1291,4.5
607,5952,4.5
56,1923,4.0
665,2858,3.0
128,367,3.0
574,597,3.0
472,457,4.0
247,648,5.0
15,153,1.0
472,2571,5.0
30,1923,4.0
130,1240,4.0
384,648,4.0
355,316,4.0
624,1196,5.0
439,34,1.0
430,316,4.0
220,1682,3.0
312,586,1.0
355,5349,3.5
195,595,3.0
384,367,3.5
547,2571,3.5
19,380,3.0
130,165,2.0
294,4993,4.0
577,1136,5.0
664,4993,4.0
384,1214,3.5
56,2918,4.0
505,1193,3.5
505,539,3.5
402,858,2.5
460,47,2.5
654,541,4.0
17,1580,2.5
596,1270,3.5
580,1617,4.5
157,1240,4.0
73,1732,4.0
575,2762,4.0
405,2716,3.5
242,356,5.0
220,4306,4.0
624,58559,3.5
577,1213,4.5
624,316,3.0
199,5349,1.5
608,3578,4.0
23,32,4.0
575,1704,3.0
608,1682,4.0
463,2716,4.0
431,2918,5.0
561,1073,4.0
564,608,5.0
294,10,3.5
472,2762,5.0
423,1213,3.5
460,32,4.0
430,1136,5.0
472,1213,5.0
472,924,4.0
134,736,4.5
382,34,4.0
439,480,3.0
585,924,5.0
19,47,5.0
78,1097,3.5
534,380,4.0
654,5349,5.0
30,357,4.0
268,1265,4.5
195,1097,3.0
355,736,2.5
95,260,5.0
311,6539,4.0
575,356,2.0
15,597,2.5
119,2762,4.0
73,377,3.0
220,924,4.0
150,1210,4.5
430,1923,4.5
105,480,3.0
77,47,4.0
624,1198,5.0
247,2628,4.0
285,780,4.0
134,1291,5.0
608,778,4.0
475,6377,3.0
78,1196,4.0
452,356,4.0
165,2571,5.0
534,296,4.0
195,1036,1.0
607,590,2.5
355,293,4.5
664,924,4.0
119,778,4.0
468,4886,3.5
119,1073,3.0
463,590,5.0
585,3114,4.0
73,39,4.0
509,539,3.0
346,318,1.0
30,858,5.0
134,318,4.0
534,780,5.0
514,500,3.0
544,593,4.0
624,1291,4.0
77,356,3.5
313,4993,4.5
664,1210,4.5
157,778,4.0
213,733,4.0
480,4993,5.0
239,1197,5.0
608,593,5.0
102,1196,5.0
312,367,2.0
15,1682,2.0
564,39,5.0
575,1193,3.0
130,500,3.5
105,1213,4.5
596,1213,5.0
574,858,5.0
580,356,3.5
134,4963,4.5
212,260,4.0
480,587,3.5
102,318,3.0
384,1198,4.0
561,593,4.5
130,1291,4.0
481,296,5.0
212,32,3.5
407,2762,5.0
615,1206,3.5
518,2918,5.0
596,593,4.0
285,3793,4.0
648,1213,4.0
615,589,4.0
88,1136,3.5
212,1682,4.0
388,357,3.0
514,260,5.0
130,1213,3.5
480,5952,5.0
30,586,4.0
665,1580,4.0
199,3578,4.0
134,2918,5.0
15,1089,4.0
311,1196,3.0
134,47,4.5
480,780,4.5
243,2628,5.0
150,2959,3.5
574,500,3.0
380,380,3.0
165,1073,5.0
481,1270,5.0
56,8961,4.0
598,1580,3.0
268,357,2.0
537,318,5.0
130,7153,5.0
463,1270,4.0
353,736,1.5
268,380,4.0
472,1197,5.0
311,293,2.0
199,1270,4.5
608,608,5.0
665,1213,4.0
73,367,2.0
355,733,3.5
213,1580,4.0
665,593,4.0
509,1580,2.0
213,4886,3.5
187,588,4.5
605,648,4.0
387,608,5.0
509,1,3.0
544,1196,4.0
19,924,4.0
537,357,4.0
353,4973,3.0
382,1580,3.0
439,527,3.0
457,736,2.0
468,344,1.5
384,5952,4.5
73,260,4.5
607,1704,5.0
461,2959,5.0
299,2997,4.0
439,2628,4.0
353,10,3.0
262,1136,2.0
564,2028,5.0
561,8961,4.5
430,2762,4.0
56,593,5.0
358,356,5.0
73,2762,4.0
358,858,5.0
56,1291,4.0
268,110,4.5
529,1,4.0
547,778,4.0
56,924,2.0
17,778,4.5
654,10,4.0
468,47,3.5
268,296,5.0
430,8961,5.0
547,377,2.0
468,586,2.5
388,457,5.0
402,2918,3.5
407,3793,3.0
615,778,3.5
665,1923,4.0
313,1580,4.0
165,2959,5.0
48,2959,5.0
624,1923,4.0
537,1617,3.0
130,858,4.0
88,1193,4.0
15,2997,5.0
585,2716,5.0
514,590,4.0
457,296,5.0
247,500,3.0
607,595,2.0
388,165,3.0
509,1089,5.0
78,110,1.5
30,1196,4.0
534,150,5.0
547,1036,5.0
380,1197,5.0
157,1721,3.0
232,2628,4.0
664,260,4.5
130,4306,2.5
608,2571,5.0
15,778,4.0
312,592,3.0
407,3578,3.0
262,1,2.5
585,1210,4.0
652,592,4.0
574,1196,4.0
514,648,3.0
598,1291,4.0
312,780,1.0
294,356,4.0
587,231,0.5
73,4963,3.5
468,1580,3.0
384,6377,3.0
439,1221,5.0
17,3578,4.0
30,1704,5.0
358,1580,3.0
585,648,2.0
95,2396,4.0
212,2028,4.0
654,589,5.0
461,367,3.0
212,253,4.0
564,733,4.0
652,2997,4.0
529,527,5.0
430,3793,3.5
128,380,4.0
460,2571,4.0
134,2997,4.5
457,1196,0.5
199,1265,4.0
580,595,3.0
624,2918,4.0
176,1210,5.0
388,1193,5.0
596,344,3.5
452,39,3.0
285,480,3.0
213,1210,5.0
134,3578,3.0
624,377,4.0
648,590,2.0
176,7153,5.0
537,32,4.0
355,150,3.0
587,296,3.5
463,1580,4.0
78,364,3.5
353,5349,3.5
624,3578,4.0
580,2028,4.0
580,231,3.0
654,231,4.0
544,32,4.5
105,1198,4.0
481,1213,4.5
463,1240,5.0
605,344,5.0
165,231,4.0
577,586,3.5
311,110,3.0
452,380,3.0
130,3578,3.5
311,2918,3.5
561,592,4.0
77,648,2.5
17,2997,5.0
262,4886,2.5
665,1136,5.0
262,356,3.0
111,588,2.5
607,593,4.0
130,4226,4.5
596,4306,3.0
561,2918,4.0
199,2716,3.5
648,8961,4.0
472,380,2.0
355,5952,5.0
544,150,5.0
537,1214,3.0
596,356,5.0
427,2858,5.0
195,1136,3.0
268,293,4.0
134,2959,4.0
73,3578,4.0
387,2396,4.0
102,924,5.0
268,2997,2.5
311,500,2.5
388,1097,4.0
157,1291,3.5
463,2628,1.0
665,736,3.0
431,1193,5.0
384,1732,3.5
388,2918,5.0
56,2858,5.0
294,367,4.0
77,1682,3.5
514,608,5.0
547,4226,4.5
607,3578,4.5
353,1089,3.0
88,253,3.0
382,586,3.0
346,2628,1.0
654,736,3.0
239,1210,5.0
48,1923,3.5
119,592,4.0
73,593,4.5
105,1193,4.0
243,648,3.0
353,3114,3.0
431,357,2.0
457,924,5.0
134,4226,5.0
111,2959,5.0
452,4226,5.0
311,3114,3.0
243,1265,4.0
598,2571,4.0
232,480,5.0
199,1580,4.0
596,4226,5.0
220,344,1.0
468,296,3.5
30,2716,4.0
577,377,3.5
56,3114,4.0
88,480,3.0
102,1213,5.0
654,293,4.5
311,539,4.0
77,1214,3.5
150,1036,4.0
654,2959,5.0
585,1136,5.0
468,6539,2.5
111,296,4.5
30,1270,5.0
134,1265,3.5
285,1073,4.0
105,293,4.0
346,1136,5.0
73,527,5.0
150,7153,4.5
15,1617,5.0
195,1240,3.0
23,253,3.5
430,1580,5.0
505,1617,3.5
457,500,2.0
73,541,4.5
313,2571,4.0
157,296,4.0
285,1196,5.0
77,32,4.0
353,3578,2.5
480,6539,4.5
514,1036,4.0
119,858,5.0
165,4963,3.0
388,1197,5.0
105,4993,5.0
384,3793,3.0
547,2959,3.5
624,1073,4.0
353,1,3.5
355,50,3.5
102,780,2.0
547,480,3.0
48,1240,3.5
534,356,4.0
384,780,3.0
585,589,3.0
596,539,3.0
88,2959,4.0
355,231,3.5
577,2762,5.0
463,2396,5.0
165,527,4.0
56,1617,4.0
134,648,4.5
195,1213,3.0
247,296,3.0
518,367,4.0
452,733,3.0
23,1136,4.0
73,32,5.0
664,4886,3.5
472,39,4.0
665,39,2.0
607,1923,4.0
580,2716,3.5
463,3578,5.0
73,595,4.5
311,1704,5.0
19,10,3.0
358,110,1.0
105,296,4.0
299,608,5.0
580,608,4.5
111,1270,4.5
17,1704,4.0
220,3793,2.0
665,356,4.0
534,39,2.0
19,1198,4.0
457,253,3.0
88,380,2.0
529,1617,3.0
268,1089,3.0
580,344,3.0
30,1097,4.0
242,34,4.0
262,296,4.0
247,380,4.0
561,5952,5.0
518,1136,4.0
56,1206,4.0
615,3793,4.0
537,608,3.0
358,1193,5.0
457,260,0.5
17,590,3.0
212,780,3.0
430,253,5.0
165,1704,4.0
654,2028,5.0
134,2628,4.0
505,3578,3.0
460,1270,4.0
664,1270,4.0
544,858,5.0
574,2571,3.5
537,1,5.0
575,1923,1.0
157,1200,4.0
105,110,3.5
285,2628,5.0
509,500,3.0
165,10,2.5
547,1,3.5
105,858,4.5
423,380,2.5
48,1206,3.5
105,32,4.0
243,2762,4.0
88,592,3.0
472,593,5.0
607,4886,4.5
268,733,3.0
529,34,5.0
380,318,4.0
457,8961,2.0
431,260,5.0
15,293,5.0
243,296,4.5
77,2762,4.0
580,2959,5.0
306,1732,4.0
624,1089,5.0
130,3793,4.0
73,1265,4.0
452,296,5.0
505,1704,2.5
111,47,4.0
268,5349,4.0
213,648,3.0
243,110,4.0
111,377,3.5
353,648,1.5
262,293,4.0
564,1073,5.0
199,1210,5.0
150,1,3.0
514,541,5.0
268,780,3.0
382,1682,2.0
387,1704,5.0
598,356,4.0
294,1196,4.0
165,1036,2.5
596,590,4.0
481,1221,5.0
537,590,5.0
574,6377,4.0
292,1704,4.5
654,3578,4.0
457,1270,4.0
561,10,3.5
312,541,5.0
480,7153,5.0
380,2997,4.0
313,318,5.0
311,527,5.0
547,34,4.0
509,589,2.0
598,1197,5.0
388,293,2.0
212,592,3.0
111,32,3.5
77,1200,4.0
346,593,2.0
77,1206,4.0
561,150,4.0
111,4993,4.0
346,316,3.0
605,1214,3.0
77,344,3.0
313,736,3.0
509,2997,5.0
212,5952,5.0
615,293,4.5
355,858,5.0
480,344,3.0
585,1193,5.0
311,1198,4.5
119,527,5.0
607,1097,4.0
472,1206,5.0
355,590,4.0
665,595,5.0
463,357,4.0
130,1206,3.0
212,595,3.5
380,1265,4.0
380,47,5.0
102,34,4.0
463,539,3.0
15,47,5.0
88,1270,3.5
195,39,3.0
15,150,3.0
15,377,4.0
73,1617,4.5
585,1923,3.0
311,593,2.0
195,3578,5.0
17,4886,3.5
358,318,5.0
78,6377,3.0
615,1,4.0
242,1197,5.0
407,4973,5.0
247,733,4.0
195,1196,4.0
150,377,3.5
15,592,4.0
461,356,4.0
268,4973,3.5
213,588,3.0
134,595,3.0
355,1089,4.5
262,858,3.5
564,592,4.0
268,1270,5.0
242,165,4.0
313,733,4.5
88,1196,3.5
78,3578,5.0
30,296,5.0
457,1,1.5
56,586,4.0
212,480,3.0
463,593,5.0
461,595,4.5
468,1270,3.0
430,260,3.5
134,1580,4.5
232,1240,3.0
353,480,3.0
564,165,4.0
358,1073,4.0
654,588,4.5
88,2716,3.5
268,4886,4.5
313,4973,3.5
306,1206,4.0
242,316,4.0
292,1923,4.0
111,2918,4.5
481,1580,4.0
596,260,3.0
509,595,3.0
355,3793,3.0
624,1193,5.0
574,165,3.5
111,778,4.0
596,47,4.0
665,260,4.0
547,593,5.0
388,1214,5.0
587,1923,5.0
247,2028,5.0
48,2997,3.0
547,1580,2.0
475,5349,4.0
232,2028,4.0
505,1097,3.5
157,480,3.0
239,1580,4.0
195,541,3.0
56,1240,2.0
212,1732,3.5
580,736,2.0
213,1097,2.5
242,150,5.0
596,1682,4.0
480,589,5.0
561,1214,4.5
607,253,4.0
384,344,3.5
387,344,2.0
187,597,4.0
292,2628,3.5
607,480,3.0
15,1270,5.0
247,39,3.0
268,2628,2.0
150,316,4.0
423,4226,4.5
77,377,2.5
472,1682,4.0
475,2028,4.0
407,1,4.0
23,260,4.5
648,1704,4.5
313,500,3.5
358,260,5.0
509,2716,3.0
596,1,3.5
472,527,3.0
607,858,4.5
268,231,3.5
247,2918,5.0
431,1036,4.0
596,587,3.5
518,153,3.0
353,47,3.5
574,736,3.0
431,2571,4.5
452,344,1.0
388,5349,4.0
23,1,3.0
457,1036,4.0
514,1196,5.0
580,1,4.0
262,364,2.0
402,1198,4.0
292,593,4.5
358,1,5.0
213,480,5.0
73,2396,4.0
468,110,3.0
102,50,4.0
73,1704,4.0
15,1240,3.0
187,8961,3.5
664,58559,4.5
355,296,4.5
23,1213,5.0
157,4963,4.0
475,4963,4.0
475,1270,5.0
547,2762,4.0
457,586,2.5
585,50,5.0
481,8961,3.0
199,260,5.0
247,2571,4.0
585,1617,5.0
157,1580,3.0
243,47,4.0
105,597,3.5
430,10,3.5
514,1265,4.0
294,1210,4.0
481,1206,5.0
119,1210,4.0
285,47,5.0
212,367,1.0
220,858,5.0
461,1097,3.5
73,1193,4.5
73,165,3.5
607,110,4.5
95,2028,4.0
452,1682,4.0
358,592,4.0
242,260,5.0
388,924,5.0
648,6539,4.0
73,780,3.5
388,586,3.0
56,231,2.0
165,589,4.5
30,593,4.0
150,648,3.5
268,592,4.0
388,1073,5.0
384,778,3.0
199,1617,5.0
380,50,5.0
574,260,4.0
384,165,3.5
388,2028,5.0
111,608,5.0
468,1197,3.5
306,778,4.0
77,2571,4.0
380,733,4.0
111,4226,4.5
199,293,4.5
313,356,4.5
452,1196,4.0
111,364,3.5
388,344,2.0
402,1240,2.5
262,780,1.5
239,1923,4.0
384,1721,4.0
665,3793,4.0
475,1580,3.0
212,165,3.0
587,1197,4.5
294,1136,4.5
56,1136,4.0
509,1193,4.0
199,318,4.5
56,1097,4.0
452,2997,3.0
268,1197,5.0
518,316,4.0
285,858,4.0
213,153,4.0
665,2997,3.0
165,457,3.0
195,380,3.0
518,590,2.0
665,2571,5.0
574,4886,4.0
452,4306,4.0
88,316,2.5
388,1210,5.0
505,2028,3.5
212,34,3.0
534,589,3.0
480,2571,5.0
652,588,4.0
195,589,3.0
313,10,3.5
529,924,4.0
242,296,5.0
242,457,5.0
134,1206,4.0
105,500,3.0
15,608,5.0
664,2959,5.0
598,3793,3.0
220,595,4.0
119,587,4.0
574,733,3.0
624,1,5.0
15,2762,1.0
48,231,3.5
313,539,4.5
15,367,2.0
654,1617,5.0
596,608,3.5
88,457,2.5
19,1291,3.0
561,1210,4.5
88,150,4.0
430,4993,3.5
19,736,3.0
111,1210,4.0
580,587,2.5
439,1196,5.0
615,32,3.0
212,1,3.0
232,778,5.0
529,1704,4.0
30,1193,4.0
56,1073,4.0
664,648,4.5
111,3578,3.5
575,316,2.0
654,587,5.0
268,2396,4.0
577,364,4.0
268,595,4.5
111,1617,4.0
475,3793,3.5
382,3114,3.0
463,1221,4.0
481,1089,5.0
452,1721,1.0
648,47,3.0
346,2571,5.0
577,150,4.5
505,1210,3.5
402,364,4.0
247,1923,4.0
468,1732,4.0
176,1923,1.0
150,586,2.5
596,1704,4.5
17,1721,0.5
134,344,2.5
102,2396,4.0
585,541,5.0
232,780,3.0
537,380,3.0
580,780,3.0
452,1704,5.0
176,39,1.0
405,590,4.5
648,780,2.0
480,648,3.5
564,32,4.0
105,1265,4.0
355,1270,4.0
130,1036,4.5
380,1,4.0
212,2918,4.5
78,34,3.5
268,50,3.5
468,32,3.0
165,1721,3.0
596,2762,4.5
313,253,4.0
384,4963,4.0
232,1923,5.0
105,2716,4.0
596,5349,3.5
243,4993,5.0
475,1221,5.0
130,1214,4.5
575,260,5.0
472,480,4.0
585,2997,5.0
547,1732,5.0
150,589,3.5
268,1213,3.5
430,778,5.0
518,364,4.0
615,608,4.0
518,457,5.0
480,1721,4.5
561,260,4.5
306,1198,5.0
292,2028,3.5
480,858,4.0
402,1,2.0
119,1265,2.0
664,1200,4.0
19,592,4.0
95,1198,5.0
73,858,5.0
77,608,2.0
423,5349,3.0
431,587,4.0
212,648,3.0
509,592,2.0
537,539,5.0
461,6377,4.5
30,2571,3.0
430,110,4.0
262,2762,4.0
212,50,3.5
509,924,4.0
313,1923,4.0
585,296,5.0
212,296,4.0
648,364,2.0
509,356,4.0
353,1682,3.0
577,589,4.5
119,1270,4.0
457,364,2.0
574,2959,4.5
306,736,4.0
460,592,3.5
346,1240,5.0
605,587,3.0
78,316,4.0
311,595,3.0
306,589,4.0
130,2628,3.5
481,4306,3.5
165,356,3.5
232,858,5.0
30,377,4.0
353,592,2.5
514,364,2.0
430,648,4.5
195,296,3.0
561,1136,4.5
243,4886,3.5
534,597,3.0
596,4963,4.5
73,1200,5.0
299,589,4.0
664,733,4.0
105,541,4.0
134,356,4.0
654,296,5.0
472,1721,5.0
150,4963,4.0
452,165,4.0
56,6377,4.0
463,4963,4.0
547,500,4.0
518,1097,5.0
306,1073,4.0
574,4963,3.5
247,231,4.0
262,7153,3.0
585,357,4.0
537,1097,4.0
624,736,3.0
648,586,2.0
294,260,4.0
607,1214,4.0
150,1580,2.5
78,589,5.0
402,4993,4.0
537,527,5.0
102,1197,5.0
243,4973,5.0
472,2716,3.0
654,356,4.0
165,2858,3.5
463,1617,4.0
624,32,2.0
353,1197,3.5
78,1136,3.0
150,541,3.5
88,593,2.0
587,778,4.0
355,648,3.5
608,457,3.0
423,2571,2.0
262,2716,2.5
457,1193,3.5
598,296,5.0
119,1214,3.0
596,736,3.5
15,34,3.0
78,1089,1.0
212,539,2.5
262,2858,4.0
402,6377,3.5
654,1089,5.0
607,231,3.0
475,296,5.0
460,3114,4.0
564,480,5.0
509,4226,5.0
15,357,3.5
