,user_id,movie_id,rating
0,598,588,4.0
1,355,165,3.0
2,468,8961,3.5
3,88,1196,3.5
4,475,4993,5.0
5,262,318,3.0
6,431,1,4.5
7,564,1200,4.0
8,574,356,4.5
9,30,1270,5.0
10,23,5952,4.0
11,176,7153,5.0
12,380,592,4.5
13,294,1210,4.0
14,128,364,5.0
15,664,377,4.0
16,615,2997,3.5
17,475,4963,4.0
18,119,1291,3.0
19,220,1617,4.0
20,624,597,3.0
21,242,165,4.0
22,564,1923,4.0
23,78,1580,2.5
24,405,2396,3.5
25,88,527,4.0
26,427,4306,4.0
27,77,1,4.0
28,15,480,3.0
29,468,457,3.5
30,575,924,2.0
31,664,1923,3.5
32,472,1214,5.0
33,587,1214,3.5
34,648,588,2.0
35,402,1580,3.5
36,232,539,5.0
37,262,2716,2.5
38,268,47,4.0
39,509,1732,5.0
40,150,2918,4.5
41,134,1,3.5
42,105,6539,3.0
43,481,7153,4.0
44,664,648,4.5
45,574,5952,3.5
46,534,733,5.0
47,111,32,3.5
48,268,1617,3.0
49,463,2762,4.0
50,460,32,4.0
51,405,1291,4.5
52,88,1265,2.5
53,598,4226,5.0
54,388,457,5.0
55,111,2571,5.0
56,529,924,4.0
57,353,1097,3.0
58,102,2858,5.0
59,111,4963,4.5
60,472,1732,4.0
61,242,47,4.0
62,134,480,5.0
63,457,2762,3.0
64,77,589,4.0
65,88,592,3.0
66,213,2716,2.0
67,480,858,4.0
68,355,457,3.0
69,262,586,4.0
70,615,4306,4.0
71,561,593,4.5
72,596,2762,4.5
73,306,110,3.0
74,48,4226,3.5
75,312,1,5.0
76,56,1136,4.0
77,430,150,4.0
78,577,47,4.0
79,380,2918,5.0
80,30,1200,3.0
81,574,2858,5.0
82,468,1617,3.0
83,664,231,4.0
84,439,2997,4.0
85,384,2628,4.0
86,102,34,4.0
87,665,296,4.0
88,468,364,3.5
89,384,1270,4.0
90,243,589,4.0
91,220,296,5.0
92,292,318,5.0
93,285,293,5.0
94,111,2396,4.0
95,564,780,2.0
96,30,2858,5.0
97,78,1210,4.0
98,187,296,4.5
99,461,6377,4.5
100,564,1721,4.0
101,111,2918,4.5
102,605,924,1.0
103,615,1089,4.0
104,242,924,5.0
105,268,1196,5.0
106,460,2762,4.0
107,534,1721,5.0
108,73,1,5.0
109,358,1198,5.0
110,598,4993,5.0
111,624,58559,3.5
112,665,2959,5.0
113,608,457,3.0
114,461,2571,4.5
115,380,2571,5.0
116,387,2997,5.0
117,468,153,1.0
118,585,50,5.0
119,509,1214,3.5
120,78,1200,4.5
121,313,1923,4.0
122,213,253,2.5
123,213,356,2.0
124,585,39,4.0
125,547,500,4.0
126,475,6377,3.0
127,607,592,3.5
128,575,541,4.0
129,598,1097,4.0
130,292,2858,5.0
131,73,39,4.0
132,157,1923,2.0
133,195,736,2.0
134,475,5349,4.0
135,247,457,5.0
136,306,165,4.0
137,128,380,4.0
138,431,2396,5.0
139,353,480,3.0
140,654,500,4.5
141,73,4306,4.0
142,624,344,3.0
143,607,377,3.5
144,547,296,5.0
145,452,150,4.0
146,19,231,3.0
147,299,1206,4.0
148,665,253,4.0
149,585,1213,4.0
150,262,4993,3.0
151,220,778,5.0
152,220,527,5.0
153,176,595,4.0
154,648,296,5.0
155,475,2571,5.0
156,15,4306,1.0
157,268,4973,3.5
158,514,253,4.0
159,88,595,3.5
160,547,1213,5.0
161,17,4963,4.0
162,518,608,5.0
163,380,39,3.0
164,537,457,4.0
165,77,1291,4.0
166,111,1682,3.0
167,15,778,4.0
168,380,858,4.5
169,15,318,2.0
170,534,293,3.0
171,607,260,4.5
172,387,1923,5.0
173,111,3578,3.5
174,88,480,3.0
175,48,527,4.5
176,17,1210,3.5
177,73,480,4.0
178,561,367,3.5
179,480,1682,5.0
180,243,592,4.0
181,605,858,5.0
182,384,457,3.0
183,130,608,2.0
184,596,2028,4.0
185,15,260,5.0
186,380,32,5.0
187,17,293,4.0
188,580,1136,4.0
189,384,380,4.5
190,353,1196,3.0
191,23,34,3.5
192,346,589,5.0
193,294,595,5.0
194,311,1704,5.0
195,262,1206,4.0
196,577,10,3.5
197,384,1214,3.5
198,472,32,3.0
199,480,1213,5.0
200,544,1704,4.0
201,157,2628,2.5
202,311,377,5.0
203,165,595,3.0
204,232,2628,4.0
205,605,1097,3.0
206,596,1210,3.5
207,654,1200,5.0
208,405,590,4.5
209,176,480,2.5
210,537,480,3.0
211,561,586,3.0
212,119,1732,4.0
213,355,58559,5.0
214,585,2396,5.0
215,481,5349,3.0
216,624,356,3.0
217,312,1923,2.0
218,102,1732,5.0
219,130,316,2.0
220,157,344,1.0
221,311,165,3.0
222,77,2858,3.0
223,439,924,2.0
224,30,1721,4.0
225,268,586,5.0
226,615,3578,4.5
227,17,4973,4.5
228,239,2716,3.0
229,23,253,3.5
230,73,858,5.0
231,19,1240,4.0
232,353,47,3.5
233,382,5349,3.0
234,73,1617,4.5
235,472,293,4.0
236,355,1193,4.5
237,19,34,4.0
238,212,8961,3.5
239,402,58559,3.5
240,580,153,2.0
241,262,4306,2.5
242,598,2997,4.0
243,119,587,4.0
244,468,4886,3.5
245,313,1682,3.5
246,176,588,3.5
247,292,595,4.0
248,615,2858,4.0
249,664,3114,3.5
250,294,165,3.0
251,475,592,4.0
252,461,1240,4.0
253,313,2997,2.0
254,561,648,3.5
255,157,5952,3.5
256,472,356,4.0
257,220,293,5.0
258,294,592,3.0
259,262,1270,3.0
260,262,377,2.5
261,430,592,3.5
262,73,2918,4.5
263,111,1265,3.0
264,353,34,0.5
265,587,4226,3.5
266,358,608,5.0
267,294,10,3.5
268,596,316,3.5
269,384,153,3.0
270,150,165,3.5
271,165,1036,2.5
272,461,608,4.0
273,574,500,3.0
274,19,590,3.0
275,30,356,5.0
276,212,344,1.0
277,664,2762,4.5
278,30,1265,4.0
279,384,4226,4.0
280,313,4973,3.5
281,292,589,4.0
282,596,2628,4.0
283,56,1,4.0
284,73,293,5.0
285,665,4226,4.0
286,468,2571,3.0
287,15,357,3.5
288,608,2858,4.0
289,575,4306,5.0
290,457,50,3.0
291,665,527,5.0
292,544,7153,4.0
293,77,1206,4.0
294,537,1198,5.0
295,596,2959,5.0
296,481,541,5.0
297,294,5952,4.0
298,475,589,4.5
299,23,1213,5.0
300,212,2028,4.0
301,243,316,3.0
302,382,2396,3.0
303,505,527,4.0
304,405,1240,4.0
305,452,377,4.0
306,78,780,4.0
307,30,110,5.0
308,544,58559,4.5
309,268,2959,4.5
310,607,50,4.5
311,150,4226,2.0
312,452,1136,4.0
313,150,364,3.0
314,388,2997,5.0
315,268,592,4.0
316,358,595,5.0
317,212,1073,4.0
318,457,780,1.5
319,664,1580,4.0
320,574,377,3.0
321,463,590,5.0
322,212,858,5.0
323,220,2628,3.0
324,596,924,3.5
325,212,1265,2.0
326,30,1089,5.0
327,509,588,3.5
328,285,1210,5.0
329,388,608,5.0
330,624,3578,4.0
331,306,1704,4.0
332,268,1923,4.0
333,580,4963,1.5
334,105,318,3.0
335,463,316,4.0
336,355,1240,4.0
337,430,593,4.0
338,78,480,3.5
339,577,780,3.5
340,130,50,3.5
341,518,1270,4.0
342,624,357,3.0
343,505,1270,3.5
344,157,1,3.5
345,654,1197,4.5
346,30,1214,4.0
347,380,7153,3.5
348,165,2997,3.0
349,73,47,5.0
350,95,2028,4.0
351,119,1210,4.0
352,292,736,4.5
353,312,1097,3.0
354,285,480,3.0
355,382,595,4.0
356,285,364,3.0
357,452,1036,4.0
358,17,858,5.0
359,463,1617,4.0
360,615,8961,4.0
361,580,1097,4.0
362,405,110,2.0
363,56,2028,5.0
364,311,293,2.0
365,665,539,4.0
366,457,2858,3.5
367,596,293,4.0
368,388,778,5.0
369,624,541,4.0
370,431,2028,4.5
371,30,457,5.0
372,165,110,4.5
373,23,1089,3.5
374,481,2997,5.0
375,199,1214,5.0
376,73,260,4.5
377,242,1580,5.0
378,353,1210,3.5
379,105,1210,3.0
380,598,1617,5.0
381,431,1240,4.5
382,529,1196,3.0
383,452,356,4.0
384,402,6377,3.5
385,615,527,4.5
386,596,586,3.5
387,452,1923,3.0
388,73,1923,3.0
389,285,736,2.0
390,311,648,3.0
391,654,4306,5.0
392,30,47,4.0
393,585,2716,5.0
394,292,153,3.5
395,213,592,3.5
396,461,1214,5.0
397,243,1270,3.5
398,17,2858,4.5
399,596,1196,3.5
400,580,595,3.0
401,468,39,3.0
402,468,500,2.5
403,468,4306,2.5
404,529,8961,4.5
405,468,4963,2.5
406,105,733,3.0
407,19,1089,4.0
408,242,2396,5.0
409,220,1923,2.0
410,313,2959,2.5
411,212,318,4.5
412,353,5349,3.5
413,423,1097,3.5
414,312,1214,5.0
415,119,1089,4.0
416,537,1214,3.0
417,19,367,3.0
418,95,1198,5.0
419,346,648,4.0
420,30,2762,5.0
421,299,608,5.0
422,405,2858,0.5
423,355,1291,5.0
424,430,47,5.0
425,30,4993,3.0
426,463,1073,4.0
427,384,34,3.0
428,165,377,3.0
429,384,377,4.0
430,463,4963,4.0
431,88,2396,4.5
432,608,1200,5.0
433,199,2028,4.0
434,247,589,4.0
435,176,593,4.0
436,355,4993,4.5
437,518,1136,4.0
438,654,367,4.5
439,213,380,2.0
440,15,6377,1.0
441,544,924,5.0
442,306,500,4.0
443,111,608,5.0
444,268,1193,3.5
445,73,318,5.0
446,607,590,2.5
447,165,1721,3.0
448,382,1721,2.0
449,187,1732,5.0
450,664,4993,4.0
451,23,1196,4.5
452,648,1213,4.0
453,664,1198,4.5
454,48,1580,3.5
455,15,1198,4.0
456,78,58559,5.0
457,468,1221,4.0
458,472,1270,3.0
459,475,316,3.0
460,220,377,3.0
461,423,1073,4.5
462,130,367,2.5
463,580,1704,3.5
464,150,500,1.5
465,468,293,3.5
466,130,541,4.0
467,130,1206,3.0
468,105,1265,4.0
469,353,150,2.0
470,537,32,4.0
471,472,357,5.0
472,232,597,2.0
473,430,4973,5.0
474,73,1291,5.0
475,472,1200,4.0
476,664,1200,4.0
477,150,316,4.0
478,461,2396,3.0
479,353,500,1.0
480,574,364,3.5
481,457,457,3.0
482,463,1193,5.0
483,461,1291,3.5
484,596,736,3.5
485,355,6377,4.0
486,157,480,3.0
487,56,377,4.0
488,195,2918,1.0
489,423,380,2.5
490,232,778,5.0
491,547,924,5.0
492,463,110,5.0
493,608,1682,4.0
494,561,4306,3.5
495,537,539,5.0
496,19,500,3.0
497,134,736,4.5
498,150,7153,4.5
499,427,2858,5.0
500,19,150,3.0
501,176,39,1.0
502,475,1270,5.0
503,15,648,4.0
504,402,1265,4.5
505,239,380,4.0
506,187,1721,4.0
507,23,1,3.0
508,294,1265,3.0
509,199,110,4.5
510,452,2396,5.0
511,77,2918,4.5
512,514,293,4.0
513,15,1136,2.5
514,262,593,5.0
515,580,6539,3.0
516,475,8961,4.0
517,544,110,4.0
518,73,2858,4.5
519,648,8961,4.0
520,313,1097,4.0
521,407,2571,5.0
522,475,1721,3.0
523,537,296,4.0
524,505,539,3.5
525,596,1721,4.0
526,48,4973,5.0
527,596,4226,5.0
528,346,3114,3.5
529,102,296,4.0
530,460,1196,5.0
531,294,541,3.5
532,475,2762,3.5
533,405,380,2.5
534,212,1193,2.5
535,564,1210,3.0
536,580,2858,4.5
537,585,858,5.0
538,292,7153,3.5
539,423,4226,4.5
540,402,6539,3.0
541,15,587,1.0
542,23,1206,4.5
543,574,2959,4.5
544,306,1291,4.0
545,463,47,4.0
546,73,595,4.5
547,119,648,3.0
548,564,1,4.0
549,654,1291,4.5
550,561,1136,4.5
551,457,1704,4.0
552,355,1097,4.0
553,95,2959,5.0
554,475,1210,4.0
555,355,1214,5.0
556,95,1214,5.0
557,607,733,4.0
558,134,4306,4.0
559,268,3793,3.5
560,19,110,3.0
561,199,592,4.0
562,165,588,4.0
563,262,500,3.5
564,577,858,5.0
565,509,2762,4.0
566,242,2858,5.0
567,30,4886,4.0
568,150,231,3.0
569,130,10,3.5
570,243,1089,4.5
571,292,3793,4.0
572,607,2762,4.0
573,457,4226,3.0
574,73,367,2.0
575,199,780,3.5
576,56,1291,4.0
577,247,367,3.0
578,243,2028,3.5
579,544,480,4.0
580,292,480,3.5
581,195,356,2.0
582,607,1240,4.0
583,561,231,3.0
584,654,1097,5.0
585,505,1210,3.5
586,292,586,3.5
587,407,2997,5.0
588,312,2628,1.0
589,430,1732,4.5
590,624,1206,4.0
591,73,316,3.0
592,580,1073,3.5
593,598,4963,4.0
594,461,457,2.5
595,268,3114,4.0
596,17,527,4.0
597,292,1580,3.5
598,105,541,4.0
599,199,2716,3.5
600,518,39,4.0
601,452,527,4.0
602,380,1270,3.0
603,537,736,3.0
604,457,1089,4.0
605,380,2959,5.0
606,243,4993,5.0
607,268,380,4.0
608,664,356,4.5
609,472,527,3.0
610,165,2028,4.0
611,150,2762,4.5
612,475,480,4.5
613,577,4993,5.0
614,608,1213,5.0
615,561,260,4.5
616,358,380,2.0
617,509,2858,4.5
618,56,50,4.0
619,561,1089,5.0
620,509,4226,5.0
621,388,1923,5.0
622,353,1240,3.0
623,384,1240,4.0
624,23,356,4.5
625,596,47,4.0
626,77,34,3.5
627,481,1213,4.5
628,380,356,5.0
629,150,2028,4.5
630,15,5349,1.0
631,73,377,3.0
632,73,344,2.0
633,509,3793,4.0
634,19,296,5.0
635,23,3114,3.5
636,380,253,4.0
637,268,2571,4.5
638,294,597,3.0
639,313,47,4.0
640,475,588,3.5
641,213,733,4.0
642,654,165,4.0
643,481,1704,3.5
644,388,590,5.0
645,105,1732,4.0
646,382,2571,3.0
647,380,733,4.0
648,17,50,5.0
649,17,296,5.0
650,134,5349,4.5
651,19,1196,5.0
652,461,2628,1.5
653,247,357,3.0
654,598,527,4.0
655,574,344,2.5
656,457,7153,0.5
657,387,2858,5.0
658,134,377,3.5
659,472,377,4.0
660,457,2571,3.0
661,213,344,1.0
662,607,2628,3.5
663,480,595,3.5
664,311,736,4.5
665,461,356,4.0
666,268,1265,4.5
667,509,778,4.0
668,654,648,4.5
669,577,1136,5.0
670,306,457,4.0
671,460,6539,5.0
672,105,50,4.5
673,534,47,5.0
674,380,110,5.0
675,460,2959,3.5
676,587,6539,3.5
677,17,2762,4.5
678,564,2762,5.0
679,15,58559,4.5
680,580,260,4.0
681,605,588,4.0
682,580,1617,4.5
683,461,1097,3.5
684,430,316,4.0
685,380,1200,4.0
686,313,6539,4.5
687,48,778,4.5
688,268,1721,2.5
689,461,1704,4.5
690,587,527,5.0
691,596,8961,4.0
692,514,380,3.0
693,78,778,4.5
694,134,6539,3.0
695,73,380,3.0
696,547,50,4.0
697,481,1580,4.0
698,457,58559,0.5
699,608,1704,3.0
700,587,4306,4.0
701,292,1923,4.0
702,242,260,5.0
703,313,6377,4.5
704,580,593,4.0
705,382,231,1.0
706,299,47,4.5
707,480,5349,3.5
708,615,2571,4.5
709,292,4993,4.0
710,187,1073,4.0
711,243,367,3.0
712,212,2628,3.5
713,388,589,4.0
714,268,480,4.5
715,382,1704,3.0
716,598,1580,3.0
717,468,1,4.0
718,232,733,4.0
719,262,780,1.5
720,313,4306,4.0
721,212,1240,3.5
722,312,1198,2.0
723,312,39,5.0
724,380,318,4.0
725,475,3578,4.0
726,427,3114,4.0
727,268,6377,4.5
728,306,380,5.0
729,285,296,4.0
730,130,1097,3.0
731,654,595,5.0
732,15,1197,1.0
733,580,3578,4.0
734,346,1721,1.0
735,23,7153,4.5
736,105,344,3.0
737,605,165,3.0
738,564,1206,4.0
739,430,2918,5.0
740,242,1721,5.0
741,111,1617,4.0
742,407,2858,5.0
743,353,58559,4.0
744,199,7153,3.5
745,575,1210,4.0
746,652,5349,4.0
747,575,364,3.0
748,299,1136,5.0
749,624,457,4.0
750,157,2959,4.5
751,463,589,4.0
752,468,1240,3.0
753,262,39,2.5
754,77,356,3.5
755,463,1291,3.0
756,509,32,4.0
757,268,588,4.5
758,664,1240,4.0
759,30,3578,4.0
760,384,356,3.0
761,176,4993,4.5
762,430,780,2.5
763,430,500,4.0
764,213,780,5.0
765,130,6377,3.0
766,15,2762,1.0
767,452,6377,4.0
768,134,32,4.5
769,311,527,5.0
770,648,6539,4.0
771,285,377,3.0
772,431,3793,3.5
773,463,50,5.0
774,355,3793,3.0
775,213,1240,3.5
776,534,480,3.0
777,17,1193,4.5
778,77,586,1.5
779,56,1721,4.0
780,537,380,3.0
781,157,1270,4.0
782,243,296,4.5
783,624,1198,5.0
784,518,2918,5.0
785,187,1704,5.0
786,664,47,4.5
787,605,39,4.0
788,607,586,2.0
789,574,357,2.5
790,624,5952,4.0
791,388,364,3.0
792,624,780,3.0
793,598,3793,3.0
794,654,590,4.5
795,150,1617,3.0
796,243,780,1.5
797,312,1089,5.0
798,130,736,3.0
799,355,2028,4.5
800,624,1265,4.0
801,15,1580,4.0
802,380,541,4.0
803,311,1193,4.0
804,150,858,3.5
805,463,1097,4.0
806,212,4306,4.0
807,306,1206,4.0
808,430,253,5.0
809,624,1,5.0
810,48,7153,4.0
811,544,1136,5.0
812,575,590,3.0
813,596,1136,3.5
814,299,1704,2.5
815,561,1265,3.5
816,353,1682,3.0
817,575,2716,5.0
818,77,253,2.5
819,605,1617,3.0
820,187,588,4.5
821,199,296,5.0
822,17,1206,5.0
823,48,293,5.0
824,294,7153,4.0
825,574,316,2.5
826,577,597,3.0
827,119,1073,3.0
828,457,1682,3.0
829,577,1270,5.0
830,596,1097,3.5
831,292,1,4.0
832,105,6377,3.0
833,134,4963,4.5
834,654,1036,4.5
835,518,34,5.0
836,130,2571,4.5
837,505,1721,3.0
838,232,1193,5.0
839,88,4993,4.0
840,596,480,4.0
841,505,296,3.0
842,176,260,4.0
843,19,1193,4.0
844,262,344,2.5
845,605,541,3.0
846,95,2762,4.0
847,48,1206,3.5
848,187,231,3.5
849,547,165,4.5
850,654,1214,5.0
851,165,1291,3.0
852,380,2762,5.0
853,537,1617,3.0
854,150,539,1.5
855,311,364,3.0
856,134,595,3.0
857,463,39,3.0
858,195,589,3.0
859,509,1200,4.0
860,564,590,2.0
861,77,165,2.5
862,358,50,5.0
863,547,58559,2.5
864,596,1206,4.0
865,547,4973,4.5
866,384,5349,5.0
867,463,1198,4.0
868,77,1210,4.0
869,561,595,3.5
870,23,1704,3.5
871,529,1682,4.0
872,353,7153,3.0
873,294,1198,4.5
874,128,733,5.0
875,607,1704,5.0
876,648,2028,3.0
877,564,1197,4.0
878,262,588,2.0
879,587,1193,4.5
880,457,593,3.0
881,355,10,3.5
882,242,1617,5.0
883,346,924,1.0
884,30,1704,5.0
885,111,10,3.5
886,665,1196,4.0
887,353,457,3.0
888,48,296,4.5
889,105,2858,4.0
890,30,50,5.0
891,580,858,5.0
892,509,595,3.0
893,15,1265,4.0
894,654,380,4.0
895,157,924,3.5
896,561,356,3.5
897,481,1193,5.0
898,380,1214,4.0
899,176,541,3.0
900,468,316,2.0
901,212,780,3.0
902,15,150,3.0
903,150,4963,4.0
904,30,593,4.0
905,358,593,5.0
906,77,318,4.0
907,480,377,5.0
908,430,380,5.0
909,654,3793,4.0
910,199,2628,3.5
911,105,589,3.5
912,111,5952,4.5
913,461,1265,3.5
914,111,2858,4.0
915,355,296,4.5
916,88,541,4.5
917,165,592,4.0
918,547,1682,4.5
919,105,592,4.0
920,355,541,4.5
921,353,2716,3.0
922,292,110,4.0
923,596,364,3.0
924,607,2918,3.5
925,407,377,4.0
926,165,500,3.0
927,481,1136,3.0
928,652,592,4.0
929,405,357,4.0
930,102,590,2.0
931,529,1193,2.0
932,430,590,4.0
933,654,1073,3.5
934,243,380,3.0
935,134,1210,4.5
936,407,4973,5.0
937,654,153,3.5
938,514,1198,5.0
939,19,593,3.0
940,157,367,1.0
941,30,588,5.0
942,73,153,1.0
943,652,377,4.0
944,77,3793,4.0
945,294,356,4.0
946,561,1198,4.0
947,119,1213,4.0
948,358,1270,4.0
949,384,260,4.5
950,119,733,4.0
951,452,34,4.0
952,77,1682,3.5
953,457,1036,4.0
954,77,296,3.5
955,547,380,3.0
956,312,296,5.0
957,56,2918,4.0
958,514,1265,4.0
959,564,592,4.0
960,353,2959,4.0
961,285,1240,3.0
962,574,541,4.0
963,648,344,3.0
964,102,1036,4.0
965,624,1210,5.0
966,654,150,5.0
967,534,589,3.0
968,607,153,3.0
969,134,6377,3.0
970,358,457,2.0
971,468,377,3.0
972,607,4886,4.5
973,457,3578,2.5
974,88,1073,3.0
975,468,778,4.0
976,165,4963,3.0
977,664,2858,4.0
978,624,231,3.0
979,574,1213,4.5
980,102,253,3.0
981,313,1,4.0
982,480,457,4.5
983,195,110,3.0
984,15,4973,2.0
985,220,1221,5.0
986,574,1721,3.0
987,577,1196,5.0
988,262,7153,3.0
989,15,457,5.0
990,358,296,5.0
991,17,608,3.5
992,452,2959,2.0
993,468,318,3.5
994,439,1206,2.0
995,199,480,3.5
996,564,150,3.0
997,407,3578,3.0
998,176,1210,5.0
999,111,50,4.0
1000,23,4963,5.0
1001,119,1193,5.0
1002,102,778,4.0
1003,239,457,3.0
1004,130,589,3.5
1005,268,597,2.5
1006,212,6539,5.0
1007,665,4306,5.0
1008,564,924,3.0
1009,460,1617,3.5
1010,199,2959,5.0
1011,518,592,3.0
1012,306,1213,5.0
1013,580,380,2.5
1014,119,253,2.0
1015,564,858,2.0
1016,195,296,3.0
1017,242,590,5.0
1018,239,2918,5.0
1019,574,1580,3.5
1020,457,367,2.5
1021,212,7153,5.0
1022,547,1196,2.5
1023,355,47,5.0
1024,111,480,3.5
1025,130,2628,3.5
1026,380,4226,5.0
1027,457,1196,0.5
1028,387,1213,5.0
1029,577,364,4.0
1030,461,231,3.0
1031,468,2997,2.5
1032,577,4306,5.0
1033,15,1073,3.0
1034,56,1196,2.0
1035,407,296,5.0
1036,505,1097,3.5
1037,384,589,5.0
1038,346,590,1.0
1039,387,318,5.0
1040,17,4993,4.5
1041,472,364,4.0
1042,346,47,2.5
1043,388,1704,4.0
1044,587,2997,4.0
1045,575,357,2.0
1046,547,858,4.0
1047,73,34,2.5
1048,561,1,3.0
1049,220,589,4.0
1050,130,2716,4.0
1051,111,1580,4.0
1052,518,1197,5.0
1053,452,4306,4.0
1054,311,2628,2.5
1055,624,2997,4.0
1056,431,2762,5.0
1057,430,260,3.5
1058,102,50,4.0
1059,353,8961,3.0
1060,157,2028,3.0
1061,346,1036,3.5
1062,346,6539,4.0
1063,452,2028,4.0
1064,509,8961,4.5
1065,242,1704,5.0
1066,23,778,4.5
1067,402,1240,2.5
1068,654,318,5.0
1069,195,858,5.0
1070,505,356,4.0
1071,534,590,5.0
1072,78,2959,5.0
1073,23,586,3.5
1074,23,316,3.5
1075,380,296,5.0
1076,130,527,4.0
1077,358,2918,4.0
1078,285,1213,5.0
1079,505,1580,3.0
1080,15,253,2.0
1081,452,1580,4.0
1082,461,587,3.0
1083,547,778,4.0
1084,306,1136,4.0
1085,292,539,3.5
1086,355,260,5.0
1087,460,1089,4.0
1088,150,367,3.0
1089,514,592,4.0
1090,431,3114,4.0
1091,56,1036,5.0
1092,430,589,4.5
1093,285,1200,2.0
1094,306,2997,3.0
1095,48,1732,3.5
1096,505,380,3.0
1097,431,1198,4.5
1098,580,2959,5.0
1099,431,457,4.5
1100,239,1210,5.0
1101,311,597,5.0
1102,561,2997,4.0
1103,607,595,2.0
1104,598,2571,4.0
1105,480,4306,5.0
1106,88,1270,3.5
1107,268,1732,4.5
1108,388,1200,5.0
1109,598,924,4.0
1110,102,2762,4.0
1111,564,380,5.0
1112,311,1213,3.0
1113,262,34,2.0
1114,460,50,4.5
1115,299,592,4.0
1116,431,1036,4.0
1117,431,4963,4.0
1118,452,608,5.0
1119,212,1200,3.0
1120,73,5349,4.0
1121,461,593,5.0
1122,607,8961,4.5
1123,346,480,1.0
1124,580,4886,4.0
1125,480,6377,4.5
1126,213,1270,3.0
1127,268,2628,2.0
1128,537,593,4.0
1129,652,1265,4.0
1130,648,1721,1.0
1131,242,318,5.0
1132,30,500,4.0
1133,665,500,2.0
1134,105,367,3.5
1135,292,8961,4.5
1136,564,586,1.0
1137,165,4306,4.0
1138,585,1580,3.0
1139,220,780,3.0
1140,624,5349,4.0
1141,509,780,2.0
1142,165,2628,2.5
1143,380,2396,3.0
1144,615,1580,3.5
1145,472,1721,5.0
1146,654,593,4.5
1147,102,1265,5.0
1148,561,377,3.0
1149,580,592,3.5
1150,430,1210,5.0
1151,461,2918,4.5
1152,355,736,2.5
1153,468,858,4.0
1154,624,1923,4.0
1155,431,5349,4.0
1156,56,1206,4.0
1157,547,4226,4.5
1158,577,1097,5.0
1159,355,8961,4.5
1160,285,316,3.0
1161,564,39,5.0
1162,105,150,3.0
1163,56,356,4.0
1164,313,587,3.0
1165,564,32,4.0
1166,574,3793,3.0
1167,312,608,5.0
1168,518,858,3.0
1169,380,597,3.0
1170,574,293,5.0
1171,292,858,4.5
1172,472,3578,4.0
1173,165,1265,4.0
1174,402,780,4.0
1175,353,3793,3.5
1176,105,1200,3.5
1177,461,150,3.0
1178,313,150,3.5
1179,587,318,4.5
1180,648,356,4.5
1181,564,527,4.0
1182,460,260,4.5
1183,78,3793,4.0
1184,358,778,4.0
1185,17,924,4.5
1186,480,7153,5.0
1187,176,4973,3.5
1188,624,153,2.5
1189,312,356,2.0
1190,242,150,5.0
1191,313,1721,5.0
1192,457,1923,3.0
1193,605,586,4.0
1194,134,1923,5.0
1195,380,780,4.0
1196,56,1097,4.0
1197,78,2628,5.0
1198,242,1193,5.0
1199,212,1197,4.0
1200,232,736,4.0
1201,119,597,4.0
1202,111,539,3.0
1203,95,780,4.0
1204,150,2571,5.0
1205,195,527,4.0
1206,580,1210,3.5
1207,509,260,5.0
1208,77,480,3.0
1209,468,2028,3.0
1210,311,4963,5.0
1211,463,597,2.0
1212,30,1291,4.0
1213,130,150,4.0
1214,243,4886,3.5
1215,239,39,5.0
1216,176,1291,3.0
1217,232,356,3.0
1218,529,588,3.0
1219,111,541,3.5
1220,664,2628,3.0
1221,384,6539,4.5
1222,23,260,4.5
1223,505,480,3.0
1224,294,500,4.0
1225,468,1923,2.0
1226,402,2918,3.5
1227,505,110,2.5
1228,187,7153,1.0
1229,77,4306,3.5
1230,134,231,2.5
1231,73,3578,4.0
1232,292,1270,4.0
1233,346,316,3.0
1234,439,1923,4.0
1235,468,1214,3.5
1236,285,1206,4.0
1237,105,364,3.5
1238,388,10,2.0
1239,165,1,2.5
1240,157,316,3.0
1241,294,2571,4.5
1242,624,47,4.0
1243,457,1210,0.5
1244,514,1,4.0
1245,382,150,3.0
1246,654,50,5.0
1247,615,4226,4.0
1248,19,1221,5.0
1249,472,150,3.0
1250,311,1617,4.5
1251,88,253,3.0
1252,624,924,4.0
1253,56,1923,4.0
1254,358,1291,3.0
1255,346,1198,5.0
1256,358,1,5.0
1257,384,1210,4.5
1258,380,1193,3.0
1259,544,593,4.0
1260,268,364,5.0
1261,475,4306,2.0
1262,388,648,4.0
1263,380,47,5.0
1264,199,1036,4.5
1265,452,589,4.0
1266,652,539,4.0
1267,430,3114,4.5
1268,119,2028,5.0
1269,78,253,5.0
1270,452,1196,4.0
1271,472,4963,3.0
1272,134,587,3.5
1273,23,2918,4.0
1274,665,364,5.0
1275,514,364,2.0
1276,73,50,5.0
1277,463,457,3.0
1278,88,356,4.0
1279,242,541,5.0
1280,313,380,4.0
1281,596,778,4.5
1282,130,592,3.5
1283,481,6377,5.0
1284,574,8961,3.5
1285,353,1580,1.0
1286,165,736,2.5
1287,346,527,1.0
1288,452,2997,3.0
1289,128,1210,5.0
1290,17,2997,5.0
1291,355,778,4.5
1292,608,592,4.0
1293,624,858,5.0
1294,23,150,3.5
1295,514,318,5.0
1296,346,1240,5.0
1297,648,364,2.0
1298,105,1291,3.0
1299,587,5952,4.0
1300,77,32,4.0
1301,564,587,1.0
1302,56,47,4.0
1303,388,1089,4.0
1304,311,587,3.0
1305,213,34,1.5
1306,353,1198,3.5
1307,78,4993,4.5
1308,615,260,3.5
1309,19,608,5.0
1310,509,150,3.0
1311,187,2628,2.5
1312,605,344,5.0
1313,605,608,3.0
1314,130,480,3.0
1315,665,1682,4.0
1316,430,2716,4.0
1317,243,5349,3.0
1318,268,1214,5.0
1319,199,5952,3.0
1320,480,296,4.0
1321,514,1196,5.0
1322,119,2571,4.0
1323,56,593,5.0
1324,384,3578,4.0
1325,585,1193,5.0
1326,564,2028,5.0
1327,457,2716,3.0
1328,213,480,5.0
1329,77,2628,1.5
1330,187,3793,3.0
1331,561,780,3.0
1332,407,5952,4.0
1333,88,1580,2.5
1334,460,608,4.0
1335,306,260,5.0
1336,561,2571,4.5
1337,119,527,5.0
1338,407,150,5.0
1339,624,316,3.0
1340,19,480,4.0
1341,88,39,3.0
1342,607,296,5.0
1343,134,10,4.0
1344,243,1198,4.5
1345,268,608,3.5
1346,547,541,3.5
1347,468,2762,3.0
1348,23,590,2.5
1349,48,1923,3.5
1350,431,4973,5.0
1351,313,3114,4.0
1352,575,1270,3.0
1353,460,1265,4.0
1354,358,1721,2.0
1355,405,1210,4.5
1356,242,1197,5.0
1357,15,4886,5.0
1358,102,858,5.0
1359,439,1221,5.0
1360,157,733,3.0
1361,355,1732,4.0
1362,460,2716,5.0
1363,212,5349,4.0
1364,312,736,4.0
1365,580,2396,3.5
1366,294,589,3.0
1367,439,1265,4.0
1368,481,1682,4.0
1369,529,1073,4.0
1370,134,2918,5.0
1371,220,260,5.0
1372,580,1214,4.0
1373,220,539,2.0
1374,615,1265,3.5
1375,78,110,1.5
1376,292,1721,4.5
1377,15,588,0.5
1378,355,110,4.0
1379,652,293,4.0
1380,213,1073,1.5
1381,580,2716,3.5
1382,232,150,4.0
1383,165,1682,3.0
1384,574,648,3.0
1385,355,5349,3.5
1386,312,586,1.0
1387,128,2762,5.0
1388,243,34,3.5
1389,518,1196,5.0
1390,285,780,4.0
1391,430,1136,5.0
1392,430,318,5.0
1393,480,778,4.0
1394,585,1198,5.0
1395,78,260,5.0
1396,475,1200,4.0
1397,461,165,2.5
1398,232,500,4.0
1399,547,6539,3.0
1400,665,231,1.0
1401,457,34,1.0
1402,405,2716,3.5
1403,463,1240,5.0
1404,195,3578,5.0
1405,355,153,3.0
1406,452,1291,4.0
1407,105,590,3.0
1408,73,2959,5.0
1409,547,1193,4.0
1410,292,648,4.0
1411,294,1073,4.0
1412,577,457,4.5
1413,105,1193,4.0
1414,119,1197,4.0
1415,313,736,3.0
1416,407,527,4.0
1417,518,480,5.0
1418,111,2997,3.0
1419,544,356,4.0
1420,232,2716,5.0
1421,73,1197,5.0
1422,475,1,4.5
1423,405,7153,5.0
1424,509,2028,3.0
1425,19,356,5.0
1426,544,589,4.5
1427,243,2959,4.0
1428,134,4886,3.0
1429,615,1732,4.5
1430,212,592,3.0
1431,134,539,3.5
1432,213,150,1.5
1433,380,1196,4.0
1434,608,296,5.0
1435,624,648,3.0
1436,30,539,3.0
1437,268,260,5.0
1438,311,47,0.5
1439,157,260,3.5
1440,561,2959,4.5
1441,262,2762,4.0
1442,30,1923,4.0
1443,213,1210,5.0
1444,30,253,4.0
1445,481,1210,5.0
1446,575,356,2.0
1447,624,1291,4.0
1448,608,1089,4.0
1449,353,293,3.5
1450,648,367,3.5
1451,580,4993,4.5
1452,509,1265,2.0
1453,15,1210,5.0
1454,213,539,2.0
1455,544,778,5.0
1456,23,4993,4.0
1457,102,527,4.0
1458,73,2571,4.5
1459,313,1732,3.0
1460,23,3578,4.0
1461,405,2918,1.5
1462,461,2028,3.5
1463,518,595,5.0
1464,358,1580,3.0
1465,457,165,2.5
1466,607,1198,4.0
1467,353,3114,3.0
1468,665,588,4.0
1469,615,3793,4.0
1470,468,608,4.0
1471,130,1197,4.5
1472,195,39,3.0
1473,575,1923,1.0
1474,187,597,4.0
1475,509,4993,4.5
1476,388,50,5.0
1477,472,318,5.0
1478,23,589,3.5
1479,468,1265,3.5
1480,665,2028,4.0
1481,624,2858,4.0
1482,157,1196,3.5
1483,607,1732,3.5
1484,405,1197,4.0
1485,247,316,4.0
1486,111,47,4.0
1487,19,1198,4.0
1488,472,595,5.0
1489,534,296,4.0
1490,608,541,4.0
1491,480,736,4.5
1492,607,7153,4.5
1493,353,592,2.5
1494,564,1193,5.0
1495,150,2716,2.0
1496,468,593,3.0
1497,88,2628,0.5
1498,313,1198,4.0
1499,518,296,5.0
1500,596,6539,4.5
1501,431,2858,4.5
1502,130,2959,4.0
1503,73,1213,5.0
1504,580,539,1.5
1505,77,4963,3.0
1506,518,1097,5.0
1507,239,1580,4.0
1508,73,296,5.0
1509,157,1210,3.5
1510,461,1721,4.0
1511,481,4963,3.5
1512,212,58559,4.5
1513,472,1206,5.0
1514,481,6539,3.0
1515,475,2959,5.0
1516,23,541,3.0
1517,585,1136,5.0
1518,575,260,5.0
1519,247,527,5.0
1520,481,293,5.0
1521,285,3793,4.0
1522,547,39,3.0
1523,388,587,4.0
1524,111,1196,4.5
1525,199,47,4.5
1526,652,1197,4.0
1527,580,588,2.5
1528,544,1200,5.0
1529,268,1704,4.0
1530,575,39,3.0
1531,56,480,4.0
1532,306,527,5.0
1533,15,1240,3.0
1534,664,110,4.0
1535,294,1580,4.5
1536,457,1206,5.0
1537,472,541,5.0
1538,402,3793,3.0
1539,23,1732,4.0
1540,285,1097,4.0
1541,15,2918,4.0
1542,15,2959,5.0
1543,88,733,3.0
1544,213,1265,2.5
1545,481,318,3.5
1546,212,2716,2.5
1547,608,293,3.0
1548,119,296,5.0
1549,247,231,4.0
1550,607,4963,4.5
1551,664,367,3.5
1552,380,1704,4.0
1553,119,377,2.0
1554,268,1200,4.5
1555,598,2628,4.0
1556,481,4973,5.0
1557,311,1240,4.5
1558,384,2028,3.0
1559,48,344,3.5
1560,664,1270,4.0
1561,292,590,3.0
1562,102,2396,4.0
1563,56,7153,4.0
1564,88,778,4.5
1565,355,2762,4.5
1566,292,608,4.5
1567,88,318,4.0
1568,73,1721,0.5
1569,358,597,4.0
1570,457,293,5.0
1571,134,2959,4.0
1572,111,344,3.0
1573,102,1193,4.0
1574,664,293,4.5
1575,575,2762,4.0
1576,665,165,3.0
1577,262,4226,3.0
1578,537,318,5.0
1579,615,733,3.5
1580,518,2716,4.0
1581,312,1196,4.0
1582,15,2628,2.5
1583,388,4963,4.0
1584,56,457,4.0
1585,654,736,3.0
1586,577,380,4.5
1587,652,780,5.0
1588,505,1291,3.5
1589,130,4963,3.5
1590,30,527,5.0
1591,312,2762,2.0
1592,30,357,4.0
1593,232,780,3.0
1594,77,2571,4.0
1595,605,590,3.0
1596,311,1291,4.5
1597,268,2997,2.5
1598,664,3793,4.0
1599,30,344,2.0
1600,529,587,2.0
1601,165,2716,3.5
1602,187,1097,3.5
1603,407,7153,4.5
1604,119,2918,4.0
1605,306,253,3.0
1606,468,7153,3.5
1607,480,587,3.5
1608,150,1721,4.5
1609,518,1214,4.0
1610,587,377,3.5
1611,294,586,3.0
1612,285,1089,5.0
1613,128,2028,3.0
1614,15,153,1.0
1615,157,7153,3.5
1616,388,4993,5.0
1617,73,2028,4.5
1618,247,110,5.0
1619,220,858,5.0
1620,262,5952,3.0
1621,452,736,3.0
1622,564,2716,3.0
1623,615,1036,4.0
1624,23,2571,4.0
1625,23,1265,4.0
1626,481,356,4.0
1627,452,500,4.0
1628,48,367,3.5
1629,195,2396,5.0
1630,608,2762,4.0
1631,242,1206,5.0
1632,130,2028,4.0
1633,624,377,4.0
1634,468,595,3.0
1635,402,4306,2.5
1636,358,2571,5.0
1637,48,595,3.5
1638,460,778,4.0
1639,380,3114,5.0
1640,431,318,5.0
1641,355,858,5.0
1642,150,2997,3.5
1643,475,1213,5.0
1644,268,344,3.0
1645,509,296,5.0
1646,534,153,3.0
1647,457,1213,5.0
1648,505,2918,2.5
1649,88,1704,5.0
1650,30,2716,4.0
1651,30,1097,4.0
1652,313,500,3.5
1653,615,1206,3.5
1654,88,153,2.0
1655,311,2918,3.5
1656,577,2918,5.0
1657,134,2858,4.0
1658,605,34,5.0
1659,439,1580,2.0
1660,358,1197,5.0
1661,105,500,3.0
1662,294,2396,4.0
1663,56,1213,4.0
1664,480,1923,5.0
1665,577,1197,5.0
1666,102,924,5.0
1667,664,733,4.0
1668,17,1213,5.0
1669,355,5952,5.0
1670,575,592,3.0
1671,232,1197,4.0
1672,430,356,4.5
1673,463,592,4.0
1674,213,110,2.5
1675,119,592,4.0
1676,388,165,3.0
1677,23,2716,3.0
1678,78,4973,5.0
1679,509,231,3.0
1680,472,457,4.0
1681,105,110,3.5
1682,461,380,2.5
1683,212,6377,3.5
1684,518,1580,5.0
1685,247,344,4.0
1686,547,1221,4.0
1687,130,293,4.0
1688,150,1265,3.5
1689,130,1221,4.0
1690,77,457,2.5
1691,187,318,5.0
1692,380,6377,2.5
1693,195,1196,4.0
1694,15,6539,3.5
1695,547,4306,3.0
1696,294,527,4.0
1697,285,344,1.0
1698,30,1732,3.0
1699,480,589,5.0
1700,509,253,3.0
1701,292,10,4.0
1702,88,344,2.0
1703,509,5349,3.0
1704,537,260,5.0
1705,575,1617,3.0
1706,585,589,3.0
1707,534,539,4.0
1708,232,1089,5.0
1709,452,1617,5.0
1710,514,1213,5.0
1711,313,648,4.0
1712,358,1617,4.0
1713,461,357,2.0
1714,220,1732,4.0
1715,452,1270,4.0
1716,358,1196,5.0
1717,355,1,3.0
1718,268,4993,5.0
1719,457,480,2.5
1720,262,3578,2.5
1721,561,1291,4.5
1722,648,1923,3.0
1723,561,1196,5.0
1724,150,2858,3.5
1725,242,1036,5.0
1726,17,7153,4.5
1727,564,539,5.0
1728,505,1704,2.5
1729,48,5952,4.0
1730,176,648,2.5
1731,461,293,4.0
1732,313,318,5.0
1733,213,1,3.0
1734,580,39,4.0
1735,199,1265,4.0
1736,353,736,1.5
1737,262,1721,2.5
1738,88,500,2.5
1739,574,58559,4.0
1740,463,1221,4.0
1741,268,3578,5.0
1742,232,924,1.0
1743,463,733,3.0
1744,509,457,4.0
1745,518,318,5.0
1746,423,1682,3.0
1747,285,590,4.0
1748,509,34,3.0
1749,285,1,4.0
1750,607,1196,4.5
1751,664,592,4.0
1752,598,2028,4.0
1753,220,500,3.0
1754,654,608,4.0
1755,430,1214,4.0
1756,431,1206,4.0
1757,468,924,4.5
1758,220,595,4.0
1759,199,858,3.0
1760,358,260,5.0
1761,529,356,3.0
1762,607,589,3.5
1763,355,588,3.0
1764,134,1193,4.5
1765,78,7153,5.0
1766,537,1197,5.0
1767,243,733,4.0
1768,119,593,4.0
1769,306,377,4.0
1770,505,1265,3.0
1771,514,153,3.0
1772,195,1073,3.0
1773,480,357,4.0
1774,165,648,3.5
1775,213,4886,3.5
1776,463,2997,2.0
1777,358,592,4.0
1778,468,1704,3.0
1779,119,595,4.0
1780,598,3578,4.0
1781,596,527,4.5
1782,213,597,3.0
1783,220,480,2.0
1784,405,1196,4.0
1785,481,1089,5.0
1786,312,858,4.0
1787,468,231,2.5
1788,431,2918,5.0
1789,402,1682,4.0
1790,346,2628,1.0
1791,407,1617,5.0
1792,199,2571,5.0
1793,311,1580,3.0
1794,648,1732,5.0
1795,312,1617,4.0
1796,23,2628,2.5
1797,285,2628,5.0
1798,353,5952,3.0
1799,165,2959,5.0
1800,313,165,3.5
1801,23,593,4.5
1802,587,858,5.0
1803,607,6539,5.0
1804,577,150,4.5
1805,481,2959,4.5
1806,312,344,1.0
1807,358,377,3.0
1808,130,1198,4.0
1809,358,153,2.0
1810,575,316,2.0
1811,78,364,3.5
1812,430,1270,4.5
1813,407,32,4.0
1814,608,1193,5.0
1815,564,1198,5.0
1816,268,4226,5.0
1817,56,2959,4.0
1818,353,380,2.0
1819,15,231,3.5
1820,452,457,4.0
1821,242,1732,4.0
1822,580,253,3.0
1823,580,648,2.5
1824,268,4886,4.5
1825,468,1193,4.0
1826,407,4226,5.0
1827,624,1617,4.0
1828,15,50,5.0
1829,130,1270,4.0
1830,48,1,4.0
1831,439,318,3.0
1832,77,1073,4.0
1833,480,32,3.0
1834,165,587,3.0
1835,130,1200,4.0
1836,577,2858,5.0
1837,431,5952,5.0
1838,664,1221,4.5
1839,598,2396,4.0
1840,243,356,4.0
1841,77,3114,3.5
1842,195,1136,3.0
1843,77,231,1.0
1844,561,153,3.0
1845,580,32,4.5
1846,23,5349,2.0
1847,346,8961,4.0
1848,480,4226,5.0
1849,213,1291,3.0
1850,102,1240,4.0
1851,382,586,3.0
1852,561,4963,5.0
1853,268,2762,3.5
1854,23,457,3.5
1855,607,608,3.5
1856,102,1210,3.0
1857,624,1089,5.0
1858,664,1089,4.5
1859,292,4306,4.5
1860,665,2918,5.0
1861,574,1732,4.5
1862,607,32,3.5
1863,355,780,3.0
1864,239,367,4.0
1865,577,296,5.0
1866,598,1,4.5
1867,111,2716,4.5
1868,111,39,4.5
1869,380,1197,5.0
1870,88,2571,4.0
1871,664,5349,4.0
1872,150,1073,2.0
1873,105,3578,4.5
1874,388,1270,4.0
1875,388,1265,4.0
1876,212,4963,4.0
1877,17,356,2.5
1878,564,2959,5.0
1879,48,3578,5.0
1880,388,4226,5.0
1881,452,1089,2.0
1882,78,32,5.0
1883,580,8961,4.5
1884,220,586,1.0
1885,475,541,4.0
1886,529,4973,4.0
1887,15,2396,2.0
1888,105,648,3.0
1889,514,780,3.0
1890,544,47,5.0
1891,430,587,4.0
1892,346,780,3.0
1893,564,597,4.0
1894,514,1214,5.0
1895,388,597,3.0
1896,439,858,5.0
1897,468,2716,3.0
1898,607,597,3.0
1899,111,110,4.0
1900,212,4226,5.0
1901,355,1089,4.5
1902,187,4993,1.0
1903,654,2628,3.5
1904,605,2028,3.0
1905,509,2396,5.0
1906,665,586,3.0
1907,242,34,4.0
1908,157,4306,3.0
1909,544,296,4.5
1910,587,778,4.0
1911,514,1206,5.0
1912,580,1240,3.5
1913,213,7153,5.0
1914,574,1089,4.5
1915,23,780,3.5
1916,105,736,2.5
1917,585,648,2.0
1918,232,608,5.0
1919,15,1732,3.5
1920,564,367,4.0
1921,187,1193,5.0
1922,480,3793,3.5
1923,431,4886,4.5
1924,463,4973,4.0
1925,505,608,3.0
1926,463,296,3.0
1927,165,296,3.5
1928,608,32,4.0
1929,605,253,3.0
1930,130,780,1.5
1931,514,1089,4.0
1932,598,356,4.0
1933,509,364,3.5
1934,439,3793,1.0
1935,195,1200,4.0
1936,574,1196,4.0
1937,654,587,5.0
1938,212,593,4.0
1939,577,587,3.0
1940,547,2959,3.5
1941,358,587,4.0
1942,509,357,3.0
1943,23,1291,3.5
1944,463,1200,4.0
1945,119,2716,4.0
1946,654,293,4.5
1947,243,150,2.5
1948,128,1617,2.0
1949,128,47,5.0
1950,268,356,5.0
1951,150,3793,4.0
1952,73,110,4.0
1953,157,377,3.0
1954,598,1270,4.0
1955,596,2918,1.0
1956,312,587,3.0
1957,294,4993,4.0
1958,596,587,3.5
1959,384,733,5.0
1960,77,1580,3.5
1961,220,4306,4.0
1962,461,260,4.5
1963,423,778,3.5
1964,598,589,4.0
1965,77,10,3.0
1966,534,736,5.0
1967,472,6539,3.5
1968,213,364,2.5
1969,134,1097,4.0
1970,262,858,3.5
1971,505,589,3.0
1972,664,597,3.0
1973,388,2028,5.0
1974,306,1198,5.0
1975,388,2628,2.0
1976,220,4973,5.0
1977,564,541,4.0
1978,268,296,5.0
1979,157,2716,3.5
1980,311,2762,4.0
1981,534,587,3.0
1982,580,1197,4.0
1983,380,588,4.0
1984,514,39,3.0
1985,431,1291,4.0
1986,664,1136,4.5
1987,574,231,2.5
1988,481,1,4.0
1989,268,50,3.5
1990,73,593,4.5
1991,402,356,5.0
1992,358,527,5.0
1993,242,648,4.0
1994,430,8961,5.0
1995,73,1196,5.0
1996,130,153,0.5
1997,213,1196,5.0
1998,119,1196,4.0
1999,353,253,3.0
2000,564,231,5.0
2001,514,587,3.0
2002,534,593,4.0
2003,268,2858,3.0
2004,130,1732,4.0
2005,311,2396,4.0
2006,481,1240,3.5
2007,268,1291,4.5
2008,19,364,3.0
2009,461,1073,4.0
2010,577,1682,5.0
2011,48,2959,5.0
2012,15,1,2.0
2013,242,316,4.0
2014,460,2997,5.0
2015,346,1197,5.0
2016,247,593,5.0
2017,452,47,2.5
2018,580,344,3.0
2019,111,1704,4.0
2020,119,858,5.0
2021,388,733,4.0
2022,268,39,3.5
2023,157,1721,3.0
2024,294,253,3.0
2025,294,8961,4.5
2026,439,260,2.0
2027,382,539,3.0
2028,242,1291,5.0
2029,452,260,4.0
2030,480,2762,4.5
2031,463,2918,4.0
2032,608,2997,5.0
2033,294,5349,4.0
2034,157,4993,3.5
2035,130,597,3.0
2036,460,2918,4.5
2037,285,1214,2.0
2038,130,1265,4.5
2039,564,2396,3.0
2040,665,1580,4.0
2041,577,1073,4.0
2042,294,2716,4.0
2043,358,357,5.0
2044,574,1704,4.0
2045,382,4306,4.0
2046,88,2858,4.0
2047,15,10,3.0
2048,475,1221,5.0
2049,247,153,3.0
2050,306,736,4.0
2051,431,6377,4.0
2052,561,3793,4.0
2053,19,316,3.0
2054,380,2028,5.0
2055,561,733,4.0
2056,299,541,4.0
2057,380,3793,4.0
2058,587,2959,2.5
2059,430,6377,4.0
2060,150,1198,4.0
2061,232,153,4.0
2062,130,1036,4.5
2063,596,1213,5.0
2064,212,457,3.0
2065,77,590,3.0
2066,461,589,5.0
2067,355,1265,4.0
2068,461,586,2.5
2069,654,364,5.0
2070,615,7153,4.0
2071,294,1036,3.5
2072,430,588,4.5
2073,212,1136,3.5
2074,585,1923,3.0
2075,475,47,4.0
2076,268,7153,4.5
2077,128,527,5.0
2078,561,380,3.0
2079,247,780,4.0
2080,518,1240,4.0
2081,88,5349,3.0
2082,430,1197,4.5
2083,463,4226,5.0
2084,514,367,3.0
2085,624,50,4.0
2086,23,50,4.0
2087,30,1221,5.0
2088,78,1213,4.5
2089,452,2762,5.0
2090,575,34,5.0
2091,463,1580,4.0
2092,30,2571,3.0
2093,56,2716,2.0
2094,355,150,3.0
2095,195,597,3.0
2096,514,1270,4.0
2097,130,590,4.0
2098,232,50,5.0
2099,463,527,5.0
2100,232,1,3.0
2101,587,1198,4.5
2102,95,2716,5.0
2103,547,1,3.5
2104,77,1214,3.5
2105,157,527,3.0
2106,313,5349,4.5
2107,212,296,4.0
2108,596,2997,3.5
2109,664,296,5.0
2110,423,296,4.5
2111,313,8961,4.5
2112,472,2628,4.0
2113,294,1136,4.5
2114,514,597,3.0
2115,577,586,3.5
2116,384,1682,3.0
2117,544,1196,4.0
2118,355,1721,2.0
2119,423,4963,2.5
2120,150,1036,4.0
2121,580,4306,4.0
2122,355,2571,5.0
2123,384,1721,4.0
2124,514,648,3.0
2125,607,1923,4.0
2126,585,318,4.0
2127,580,1923,4.0
2128,423,1206,5.0
2129,73,592,4.0
2130,665,3578,5.0
2131,15,4226,5.0
2132,306,39,5.0
2133,624,380,3.0
2134,306,2858,4.0
2135,77,924,3.5
2136,102,47,4.0
2137,213,58559,3.5
2138,430,1291,4.0
2139,665,1270,5.0
2140,105,47,4.0
2141,212,4993,5.0
2142,463,4993,5.0
2143,457,356,3.5
2144,212,356,4.0
2145,306,587,4.0
2146,430,1036,4.0
2147,544,858,5.0
2148,150,344,3.5
2149,537,356,4.0
2150,607,150,4.0
2151,544,1682,4.5
2152,17,2959,5.0
2153,431,1221,5.0
2154,648,4993,1.5
2155,311,733,2.5
2156,212,1036,3.0
2157,430,733,4.0
2158,239,356,5.0
2159,457,231,3.0
2160,358,2716,3.0
2161,580,1682,4.5
2162,430,1721,2.5
2163,574,736,3.0
2164,262,110,3.0
2165,23,2959,3.5
2166,380,2858,5.0
2167,577,480,4.0
2168,431,356,4.5
2169,407,2959,5.0
2170,380,5952,4.0
2171,353,153,1.5
2172,165,293,5.0
2173,472,2762,5.0
2174,564,2628,2.0
2175,128,1,5.0
2176,480,1265,5.0
2177,382,2918,2.0
2178,150,1210,4.5
2179,561,588,3.5
2180,665,593,4.0
2181,468,260,3.5
2182,213,8961,4.0
2183,481,2918,3.5
2184,199,1732,3.5
2185,607,648,3.5
2186,77,780,3.5
2187,313,4226,3.5
2188,111,1036,4.0
2189,452,1200,3.5
2190,134,2716,4.5
2191,509,1213,5.0
2192,561,480,4.0
2193,648,4306,3.5
2194,547,253,0.5
2195,596,231,3.0
2196,212,2571,5.0
2197,380,1036,4.0
2198,380,4973,4.5
2199,111,1240,4.5
2200,262,1073,3.5
2201,577,1265,4.5
2202,481,1206,5.0
2203,585,34,4.0
2204,176,5349,3.0
2205,19,1097,5.0
2206,384,2997,4.0
2207,461,34,3.5
2208,232,480,5.0
2209,461,1270,5.0
2210,130,588,4.0
2211,102,541,4.0
2212,461,500,1.5
2213,598,110,4.0
2214,220,588,3.0
2215,405,260,5.0
2216,353,364,2.0
2217,431,1097,5.0
2218,468,1200,3.0
2219,574,3114,3.5
2220,242,2997,5.0
2221,598,1732,4.0
2222,195,377,3.0
2223,624,165,4.0
2224,187,6377,4.0
2225,15,1721,1.5
2226,518,3114,5.0
2227,461,3114,3.5
2228,220,1200,4.0
2229,596,590,4.0
2230,30,780,4.0
2231,15,593,5.0
2232,605,231,3.0
2233,598,1704,4.0
2234,547,344,0.5
2235,111,2628,2.5
2236,111,589,4.5
2237,405,4993,4.5
2238,654,2918,4.5
2239,452,380,3.0
2240,544,2997,4.5
2241,468,58559,3.0
2242,268,1097,3.5
2243,615,364,4.0
2244,262,1580,2.0
2245,268,10,3.0
2246,102,2716,4.0
2247,19,39,3.0
2248,355,2858,5.0
2249,380,1073,4.0
2250,165,1923,3.5
2251,358,1193,5.0
2252,564,733,4.0
2253,130,1617,3.5
2254,423,1221,3.5
2255,480,47,4.0
2256,648,293,4.5
2257,73,1206,4.5
2258,306,593,4.0
2259,430,4306,4.0
2260,130,595,3.5
2261,15,1200,4.0
2262,285,2918,4.0
2263,353,1073,2.0
2264,481,593,4.0
2265,15,356,1.0
2266,15,3578,2.0
2267,150,4993,4.5
2268,358,1265,5.0
2269,509,1721,2.0
2270,353,4306,3.5
2271,452,1721,1.0
2272,77,608,2.0
2273,95,733,4.0
2274,384,364,3.0
2275,472,1580,5.0
2276,311,924,3.0
2277,128,1580,4.0
2278,355,1580,4.0
2279,313,5952,4.5
2280,247,2918,5.0
2281,575,1704,3.0
2282,78,588,3.5
2283,514,316,3.0
2284,509,380,2.0
2285,405,1198,4.5
2286,30,592,4.0
2287,580,377,2.5
2288,262,778,3.5
2289,312,50,5.0
2290,654,1704,4.0
2291,88,586,2.5
2292,457,1270,4.0
2293,384,4963,4.0
2294,353,2571,3.5
2295,243,924,2.5
2296,157,1200,4.0
2297,665,356,4.0
2298,388,32,4.0
2299,268,2918,5.0
2300,212,589,3.0
2301,547,4963,4.5
2302,407,2396,5.0
2303,461,3578,3.5
2304,358,356,5.0
2305,292,47,4.5
2306,134,165,4.0
2307,199,1196,5.0
2308,268,595,4.5
2309,547,1580,2.0
2310,475,296,5.0
2311,587,2396,5.0
2312,480,380,3.5
2313,460,1198,5.0
2314,561,150,4.0
2315,48,4886,3.5
2316,615,6377,4.5
2317,547,1200,3.5
2318,95,3793,5.0
2319,30,1617,5.0
2320,111,648,3.5
2321,105,1580,4.0
2322,313,2396,3.0
2323,577,231,3.5
2324,19,1200,4.0
2325,648,586,2.0
2326,15,858,5.0
2327,150,589,3.5
2328,220,367,4.0
2329,30,1193,4.0
2330,407,5349,3.0
2331,23,608,4.5
2332,664,1,3.5
2333,547,1270,3.5
2334,353,593,3.5
2335,262,1,2.5
2336,452,344,1.0
2337,23,597,3.0
2338,472,1265,4.0
2339,608,858,5.0
2340,457,1732,3.0
2341,457,1,1.5
2342,580,296,4.5
2343,472,1193,5.0
2344,577,589,4.5
2345,239,587,4.0
2346,574,5349,3.0
2347,407,4993,5.0
2348,105,1617,5.0
2349,596,1,3.5
2350,17,1704,4.0
2351,452,2571,2.0
2352,243,231,4.0
2353,247,586,4.0
2354,23,2028,4.0
2355,427,6377,4.0
2356,529,318,4.5
2357,480,539,3.5
2358,615,6539,3.5
2359,232,2858,5.0
2360,105,3793,3.0
2361,654,1240,4.5
2362,165,1240,3.0
2363,306,344,4.0
2364,472,1704,3.0
2365,150,1923,3.0
2366,575,608,4.0
2367,608,2028,4.0
2368,23,32,4.0
2369,580,1265,3.5
2370,402,539,4.5
2371,306,1270,4.0
2372,134,1197,4.0
2373,119,924,4.0
2374,199,1213,3.5
2375,88,780,3.5
2376,648,480,2.0
2377,431,1193,5.0
2378,664,260,4.5
2379,306,597,4.0
2380,457,1193,3.5
2381,242,480,5.0
2382,294,4963,4.0
2383,78,1097,3.5
2384,15,500,3.0
2385,564,10,3.0
2386,213,587,2.5
2387,547,2571,3.5
2388,134,1196,4.5
2389,580,293,3.0
2390,77,592,3.5
2391,78,5952,5.0
2392,574,10,3.0
2393,212,597,3.5
2394,73,586,3.5
2395,624,367,3.0
2396,382,260,3.5
2397,150,541,3.5
2398,56,1265,5.0
2399,463,4886,4.0
2400,23,595,4.5
2401,111,296,4.5
2402,306,480,3.0
2403,346,2762,1.0
2404,355,380,3.5
2405,654,592,4.5
2406,430,10,3.5
2407,150,1682,3.0
2408,480,1732,4.0
2409,547,1617,4.5
2410,243,2762,4.0
2411,130,231,3.5
2412,580,2997,2.5
2413,95,778,5.0
2414,247,356,5.0
2415,529,586,3.0
2416,312,357,4.0
2417,615,736,3.0
2418,312,500,1.0
2419,88,1193,4.0
2420,564,2858,5.0
2421,212,39,2.0
2422,544,293,4.5
2423,423,1089,5.0
2424,15,316,3.0
2425,537,150,4.0
2426,529,1270,3.0
2427,176,1682,3.0
2428,430,6539,4.0
2429,23,480,3.5
2430,358,589,5.0
2431,509,50,5.0
2432,294,3114,4.0
2433,73,231,3.5
2434,574,2628,3.0
2435,78,1214,3.5
2436,346,1270,4.0
2437,605,1214,3.0
2438,607,3578,4.5
2439,285,588,4.0
2440,78,3578,5.0
2441,213,541,2.0
2442,475,2628,1.0
2443,577,6539,5.0
2444,452,1265,4.0
2445,17,5952,4.5
2446,77,6539,4.0
2447,509,1197,4.0
2448,514,1036,4.0
2449,580,778,4.5
2450,232,1270,5.0
2451,457,586,2.5
2452,596,357,3.5
2453,232,377,4.0
2454,624,150,3.0
2455,380,344,4.0
2456,664,32,5.0
2457,509,590,5.0
2458,564,648,2.0
2459,134,58559,2.5
2460,165,2762,5.0
2461,585,924,5.0
2462,199,3578,4.0
2463,242,457,5.0
2464,243,1097,4.0
2465,574,539,3.0
2466,23,1580,3.5
2467,518,47,5.0
2468,518,153,3.0
2469,461,367,3.0
2470,30,296,5.0
2471,544,608,5.0
2472,220,924,4.0
2473,457,253,3.0
2474,468,32,3.0
2475,407,2762,5.0
2476,388,2959,3.0
2477,212,2762,3.5
2478,547,1097,4.0
2479,134,316,4.5
2480,547,480,3.0
2481,380,2997,4.0
2482,596,1036,4.0
2483,468,50,3.0
2484,355,480,3.5
2485,452,1198,4.0
2486,111,1291,5.0
2487,439,1200,4.0
2488,387,608,5.0
2489,431,1682,4.0
2490,30,380,4.0
2491,608,527,4.0
2492,130,1136,4.5
2493,88,5952,3.5
2494,472,2918,5.0
2495,313,1580,4.0
2496,15,344,2.0
2497,312,380,5.0
2498,405,1270,5.0
2499,306,924,4.0
2500,243,1196,5.0
2501,580,231,3.0
2502,564,778,4.0
2503,529,1221,2.0
2504,30,1206,2.0
2505,195,1097,3.0
2506,615,1,4.0
2507,518,924,3.0
2508,111,457,4.0
2509,199,1617,5.0
2510,529,32,4.0
2511,405,5952,4.5
2512,537,1291,4.0
2513,243,4973,5.0
2514,134,2628,4.0
2515,77,541,2.0
2516,475,1214,4.0
2517,460,1291,4.0
2518,15,296,5.0
2519,615,367,2.5
2520,213,5952,4.0
2521,580,1721,3.5
2522,77,380,2.5
2523,580,7153,4.5
2524,380,4306,5.0
2525,157,165,3.0
2526,460,2858,4.5
2527,311,593,2.0
2528,199,457,4.0
2529,119,364,3.0
2530,547,608,5.0
2531,19,589,3.0
2532,537,357,4.0
2533,564,356,3.0
2534,165,356,3.5
2535,150,5349,2.5
2536,481,2628,3.0
2537,243,3578,4.5
2538,596,1617,4.0
2539,268,858,4.5
2540,213,586,2.0
2541,577,1704,5.0
2542,607,457,4.0
2543,505,1617,3.5
2544,176,253,2.0
2545,17,1136,5.0
2546,596,377,4.0
2547,577,357,4.5
2548,514,500,3.0
2549,157,1240,4.0
2550,212,1704,4.5
2551,292,2571,4.0
2552,292,500,3.5
2553,423,1193,5.0
2554,176,6539,4.0
2555,480,3578,5.0
2556,15,8961,2.0
2557,580,316,2.5
2558,564,1682,3.0
2559,468,367,1.5
2560,95,3578,5.0
2561,23,153,3.0
2562,102,593,4.0
2563,605,3793,2.0
2564,212,231,1.0
2565,73,2997,4.5
2566,346,318,1.0
2567,587,4973,3.5
2568,596,608,3.5
2569,585,2858,4.0
2570,665,5952,5.0
2571,388,1240,4.0
2572,262,380,2.0
2573,665,1704,5.0
2574,481,924,5.0
2575,355,648,3.5
2576,313,1270,4.0
2577,544,527,4.5
2578,187,3114,4.0
2579,232,1923,5.0
2580,648,6377,4.5
2581,134,318,4.0
2582,384,2571,4.0
2583,243,5952,4.0
2584,102,780,2.0
2585,220,2762,5.0
2586,407,4963,4.0
2587,105,7153,5.0
2588,561,1682,4.5
2589,382,4226,1.0
2590,195,1198,3.0
2591,88,316,2.5
2592,220,593,4.0
2593,243,7153,5.0
2594,468,539,3.0
2595,78,736,4.5
2596,17,1732,4.0
2597,157,293,4.5
2598,15,590,3.0
2599,430,736,2.0
2600,187,5952,1.0
2601,407,1732,2.0
2602,105,253,3.5
2603,78,39,5.0
2604,624,1036,5.0
2605,463,293,4.0
2606,564,47,4.0
2607,195,150,3.0
2608,423,541,4.5
2609,598,6377,4.5
2610,574,1265,4.5
2611,534,356,4.0
2612,585,2997,5.0
2613,105,1240,4.0
2614,608,47,5.0
2615,312,3114,3.0
2616,430,1,4.0
2617,15,364,4.0
2618,19,1270,5.0
2619,15,380,4.0
2620,529,780,1.0
2621,564,296,5.0
2622,607,1200,4.0
2623,56,4993,4.0
2624,547,318,5.0
2625,461,590,4.0
2626,574,367,3.0
2627,77,1704,3.0
2628,388,541,5.0
2629,574,6539,3.5
2630,242,1097,5.0
2631,17,1265,4.5
2632,157,8961,3.0
2633,15,597,2.5
2634,461,318,5.0
2635,605,457,4.0
2636,580,3114,4.0
2637,472,39,4.0
2638,463,377,3.0
2639,15,110,3.0
2640,78,377,4.5
2641,358,110,1.0
2642,157,2571,4.5
2643,564,1580,4.0
2644,407,1206,5.0
2645,150,2628,3.5
2646,17,1580,2.5
2647,405,1097,4.5
2648,77,1197,4.5
2649,380,1580,3.0
2650,292,367,3.5
2651,654,32,5.0
2652,518,1200,4.0
2653,187,8961,3.5
2654,427,2997,4.0
2655,561,4993,5.0
2656,472,8961,3.5
2657,15,367,2.0
2658,292,377,4.0
2659,382,6377,4.5
2660,402,1721,3.0
2661,664,457,3.5
2662,480,1097,4.0
2663,212,367,1.0
2664,665,597,5.0
2665,262,2959,3.5
2666,353,780,1.5
2667,463,356,3.0
2668,463,587,4.0
2669,134,296,4.5
2670,564,589,5.0
2671,130,1240,4.0
2672,564,736,5.0
2673,111,733,3.5
2674,654,34,4.5
2675,232,367,5.0
2676,212,1721,2.5
2677,624,1196,5.0
2678,56,296,4.0
2679,262,4963,1.5
2680,77,736,2.0
2681,468,1196,3.0
2682,312,457,4.0
2683,461,733,2.0
2684,56,8961,4.0
2685,472,589,2.0
2686,134,1240,5.0
2687,514,1073,4.0
2688,480,50,4.5
2689,574,1,4.0
2690,220,1721,3.0
2691,242,2028,5.0
2692,388,1732,5.0
2693,384,2858,4.0
2694,157,589,4.0
2695,384,4993,4.0
2696,15,2997,5.0
2697,561,1617,4.0
2698,665,2997,3.0
2699,607,5952,4.5
2700,382,2628,3.0
2701,544,2716,4.5
2702,247,1036,5.0
2703,430,778,5.0
2704,157,1097,3.0
2705,518,253,5.0
2706,431,1704,4.5
2707,654,1196,5.0
2708,285,1291,3.0
2709,534,1265,3.0
2710,472,296,5.0
2711,313,2028,4.0
2712,312,1073,3.0
2713,242,1210,5.0
2714,561,4226,3.0
2715,213,648,3.0
2716,607,1580,4.5
2717,580,587,2.5
2718,580,318,4.0
2719,306,1097,5.0
2720,574,608,5.0
2721,439,1214,4.0
2722,30,364,3.0
2723,509,1089,5.0
2724,77,367,3.5
2725,306,1580,4.0
2726,130,2918,4.5
2727,105,539,3.0
2728,88,2716,3.5
2729,577,356,4.0
2730,23,293,4.0
2731,56,4306,4.0
2732,544,150,5.0
2733,439,1196,5.0
2734,56,1197,4.0
2735,457,1265,3.5
2736,213,1923,1.0
2737,313,4993,4.5
2738,119,32,4.0
2739,654,597,4.0
2740,285,32,5.0
2741,30,1580,4.0
2742,220,34,4.0
2743,111,588,2.5
2744,574,1210,3.5
2745,242,2918,4.0
2746,232,316,4.0
2747,463,1721,4.0
2748,624,3793,4.0
2749,306,1197,4.0
2750,23,2997,4.5
2751,187,58559,4.0
2752,648,858,3.5
2753,534,50,2.0
2754,199,50,4.5
2755,505,318,3.5
2756,509,608,4.5
2757,480,648,3.5
2758,247,648,5.0
2759,575,1196,4.0
2760,30,1197,3.0
2761,128,539,5.0
2762,56,58559,5.0
2763,509,2628,3.0
2764,580,357,3.5
2765,15,2716,4.0
2766,243,260,5.0
2767,220,3578,3.0
2768,664,2959,5.0
2769,119,1617,4.0
2770,439,2028,2.0
2771,17,1240,3.0
2772,268,1073,4.0
2773,353,2918,2.0
2774,463,1197,4.0
2775,388,318,5.0
2776,430,4963,4.0
2777,150,380,4.0
2778,472,50,4.0
2779,165,4886,3.0
2780,481,5952,4.0
2781,605,1270,4.0
2782,56,6377,4.0
2783,212,1923,2.0
2784,654,1136,5.0
2785,388,356,4.0
2786,73,1036,4.5
2787,134,3793,4.5
2788,105,153,3.0
2789,654,3114,5.0
2790,665,457,3.0
2791,514,110,3.0
2792,130,1214,4.5
2793,534,586,4.0
2794,292,1682,4.0
2795,165,1073,5.0
2796,355,1200,5.0
2797,544,1089,4.5
2798,380,260,4.0
2799,247,2762,5.0
2800,529,34,5.0
2801,654,924,4.0
2802,232,1213,4.0
2803,388,39,3.0
2804,544,3578,4.0
2805,605,1221,4.0
2806,187,480,3.5
2807,596,4963,4.5
2808,292,296,5.0
2809,102,2918,4.0
2810,358,588,5.0
2811,262,527,3.0
2812,23,1221,4.5
2813,212,588,3.0
2814,88,593,2.0
2815,243,588,4.0
2816,388,1213,5.0
2817,580,1270,3.0
2818,439,593,5.0
2819,268,500,3.0
2820,292,593,4.5
2821,430,2028,4.0
2822,157,50,4.0
2823,624,8961,4.5
2824,77,1732,3.5
2825,457,778,4.0
2826,306,1210,4.0
2827,534,165,4.0
2828,232,357,5.0
2829,78,34,3.5
2830,384,1196,5.0
2831,575,3114,5.0
2832,463,318,5.0
2833,165,1200,3.5
2834,461,4993,4.5
2835,596,2571,4.5
2836,311,1214,2.0
2837,17,541,5.0
2838,199,593,4.5
2839,105,1721,3.0
2840,472,858,5.0
2841,596,4306,3.0
2842,605,2716,3.0
2843,268,8961,4.5
2844,624,1136,5.0
2845,463,480,4.0
2846,480,2028,5.0
2847,430,457,5.0
2848,463,2628,1.0
2849,607,293,4.5
2850,665,1213,4.0
2851,77,587,2.5
2852,575,3793,1.0
2853,285,500,4.0
2854,353,10,3.0
2855,157,1206,4.0
2856,157,6377,3.5
2857,575,1198,5.0
2858,461,2716,4.5
2859,220,110,4.0
2860,242,1265,4.0
2861,518,1265,3.0
2862,607,4226,4.5
2863,547,2396,3.0
2864,150,1,3.0
2865,358,364,4.0
2866,78,1721,4.0
2867,518,344,4.0
2868,472,4306,4.0
2869,388,231,5.0
2870,134,367,2.0
2871,199,260,5.0
2872,468,648,3.0
2873,130,1682,3.0
2874,452,648,3.0
2875,505,457,3.0
2876,243,541,3.5
2877,382,5952,4.0
2878,564,2918,4.0
2879,268,1036,5.0
2880,624,32,2.0
2881,88,364,4.0
2882,95,296,5.0
2883,242,1270,5.0
2884,468,6377,3.5
2885,514,541,5.0
2886,547,34,4.0
2887,598,3114,3.0
2888,56,5952,4.0
2889,199,4963,4.0
2890,346,32,3.0
2891,460,1197,5.0
2892,355,500,2.0
2893,596,32,5.0
2894,534,1732,2.0
2895,199,2858,4.0
2896,128,377,5.0
2897,580,110,4.5
2898,285,527,5.0
2899,157,4963,4.0
2900,574,1291,4.0
2901,388,1197,5.0
2902,358,47,3.0
2903,213,457,4.0
2904,430,367,4.0
2905,587,1197,4.5
2906,213,2628,3.0
2907,587,1221,4.5
2908,505,6377,4.0
2909,460,296,4.0
2910,382,4963,3.0
2911,187,586,3.5
2912,119,316,3.0
2913,119,153,1.0
2914,306,50,4.0
2915,388,296,5.0
2916,56,39,5.0
2917,88,3578,2.0
2918,407,1097,4.0
2919,78,2858,4.5
2920,472,2571,5.0
2921,187,2571,1.0
2922,353,586,2.5
2923,15,1196,5.0
2924,518,590,2.0
2925,313,480,4.0
2926,213,1721,2.5
2927,431,4306,4.0
2928,431,1210,4.5
2929,384,3793,3.0
2930,23,4226,4.5
2931,509,1210,4.0
2932,665,736,3.0
2933,598,1291,4.0
2934,199,356,4.5
2935,457,2997,4.0
2936,119,50,4.0
2937,384,592,4.0
2938,358,1221,5.0
2939,212,4973,3.5
2940,134,293,5.0
2941,73,1221,5.0
2942,130,4306,2.5
2943,15,780,2.5
2944,561,1097,3.0
2945,111,364,3.5
2946,73,733,3.0
2947,19,736,3.0
2948,587,50,4.5
2949,15,7153,1.5
2950,262,1704,1.0
2951,268,1198,5.0
2952,311,500,2.5
2953,514,1200,4.0
2954,423,592,2.5
2955,292,150,4.0
2956,607,10,3.5
2957,30,4306,5.0
2958,607,1210,4.5
2959,243,2997,4.0
2960,73,6539,4.0
2961,212,3114,2.5
2962,111,1136,4.0
2963,232,587,4.0
2964,481,4886,4.5
2965,306,2028,4.0
2966,134,608,4.5
2967,242,608,5.0
2968,19,595,5.0
2969,355,589,4.0
2970,355,377,4.0
2971,457,5952,0.5
2972,518,1198,5.0
2973,654,589,5.0
2974,17,1721,0.5
2975,652,588,4.0
2976,262,253,3.0
2977,292,2628,3.5
2978,187,1580,4.0
2979,134,1214,4.5
2980,654,296,5.0
2981,73,500,3.5
2982,130,3114,4.0
2983,134,4226,5.0
2984,268,150,4.5
2985,232,110,5.0
2986,468,1089,3.0
2987,213,1036,3.5
2988,242,2628,5.0
2989,73,1193,4.5
2990,577,4886,5.0
2991,247,597,3.0
2992,262,1193,3.5
2993,128,780,5.0
2994,313,377,3.5
2995,665,1210,4.0
2996,480,780,4.5
2997,460,595,4.0
2998,509,4886,4.5
2999,73,1097,4.0
3000,468,1073,3.5
3001,262,364,2.0
3002,102,2628,4.0
3003,212,5952,5.0
3004,608,778,4.0
3005,150,736,4.0
3006,128,3114,5.0
3007,505,1240,3.0
3008,78,296,4.5
3009,461,4226,4.5
3010,423,356,2.5
3011,212,364,4.5
3012,311,1,3.0
3013,564,2997,4.0
3014,461,1196,5.0
3015,431,2959,4.5
3016,119,480,4.0
3017,299,1089,4.5
3018,460,357,5.0
3019,624,1240,3.0
3020,285,858,4.0
3021,77,5349,4.0
3022,23,4973,5.0
3023,346,2918,1.5
3024,346,1073,4.0
3025,439,2716,3.0
3026,664,593,4.5
3027,596,589,4.0
3028,388,592,3.0
3029,306,1214,3.0
3030,463,1,3.0
3031,243,1265,4.0
3032,294,1,4.0
3033,608,1291,4.0
3034,518,231,1.0
3035,213,165,3.5
3036,212,32,3.5
3037,587,1097,3.5
3038,292,2762,4.5
3039,388,5952,4.5
3040,380,6539,3.5
3041,463,1213,3.0
3042,232,296,5.0
3043,407,1923,3.0
3044,431,260,5.0
3045,665,318,5.0
3046,213,1682,2.5
3047,313,7153,5.0
3048,19,592,4.0
3049,380,4993,4.5
3050,518,316,4.0
3051,268,357,2.0
3052,480,344,3.0
3053,262,1089,3.0
3054,574,1221,4.5
3055,402,5349,3.0
3056,664,480,3.5
3057,402,150,4.5
3058,353,2858,4.0
3059,575,1197,5.0
3060,580,480,3.0
3061,457,344,2.5
3062,78,500,4.0
3063,574,586,3.0
3064,176,4306,3.5
3065,294,590,3.0
3066,596,110,4.0
3067,664,1210,4.5
3068,431,1196,5.0
3069,212,586,2.5
3070,19,527,4.0
3071,452,1097,5.0
3072,452,539,4.0
3073,452,4226,5.0
3074,561,293,4.0
3075,294,588,5.0
3076,17,5349,1.5
3077,77,4993,3.0
3078,268,318,3.5
3079,165,2858,3.5
3080,509,1221,5.0
3081,605,587,3.0
3082,73,597,3.0
3083,585,1206,5.0
3084,247,260,5.0
3085,580,590,4.0
3086,355,1136,5.0
3087,452,296,5.0
3088,48,3793,3.5
3089,306,1,3.0
3090,481,260,5.0
3091,111,260,4.0
3092,199,3793,2.5
3093,388,1097,4.0
3094,17,1617,4.5
3095,292,1196,4.5
3096,19,1197,3.0
3097,577,34,5.0
3098,19,858,5.0
3099,353,1270,3.0
3100,48,2762,3.5
3101,355,1198,5.0
3102,430,1240,2.0
3103,243,1923,3.0
3104,165,457,3.0
3105,119,588,4.0
3106,452,1240,4.0
3107,564,1704,2.0
3108,111,587,1.5
3109,452,1221,5.0
3110,195,380,3.0
3111,457,608,5.0
3112,457,3114,1.5
3113,509,1291,4.0
3114,585,1214,5.0
3115,664,1214,3.5
3116,48,541,4.0
3117,452,6539,4.0
3118,73,1270,5.0
3119,130,7153,5.0
3120,355,527,4.0
3121,213,593,2.5
3122,134,597,3.0
3123,384,780,3.0
3124,457,648,1.5
3125,134,778,4.5
3126,313,32,3.0
3127,472,2959,2.0
3128,102,150,4.0
3129,607,2959,4.5
3130,598,2918,5.0
3131,468,590,3.0
3132,388,1617,4.5
3133,150,296,4.5
3134,585,527,5.0
3135,608,2628,2.0
3136,547,597,3.5
3137,134,1265,3.5
3138,220,2396,3.0
3139,311,595,3.0
3140,461,2997,4.0
3141,607,110,4.5
3142,78,2028,2.5
3143,220,2959,4.0
3144,285,50,5.0
3145,439,588,3.0
3146,472,380,2.0
3147,608,1198,4.0
3148,247,733,4.0
3149,615,1214,4.5
3150,460,1270,4.0
3151,514,296,5.0
3152,537,1196,5.0
3153,509,1196,5.0
3154,596,5952,3.0
3155,654,4886,5.0
3156,355,924,5.0
3157,73,2762,4.0
3158,544,780,3.5
3159,176,344,2.0
3160,56,1704,5.0
3161,534,34,3.0
3162,405,648,2.0
3163,15,1036,4.0
3164,213,47,2.5
3165,587,2858,4.5
3166,608,34,4.0
3167,213,590,1.0
3168,564,1617,5.0
3169,624,1221,5.0
3170,654,356,4.0
3171,561,4973,3.5
3172,607,47,4.0
3173,388,357,3.0
3174,212,2858,4.0
3175,312,541,5.0
3176,587,231,0.5
3177,509,6377,3.5
3178,518,1036,3.0
3179,577,1291,5.0
3180,150,586,2.5
3181,355,1210,4.5
3182,407,1704,5.0
3183,119,47,5.0
3184,423,2571,2.0
3185,232,1210,4.0
3186,463,2858,5.0
3187,654,2997,4.0
3188,439,780,3.0
3189,30,1196,4.0
3190,243,648,3.0
3191,615,1240,4.0
3192,346,260,5.0
3193,529,2396,3.0
3194,242,50,5.0
3195,561,364,4.0
3196,561,6539,4.5
3197,242,357,4.0
3198,468,5349,2.5
3199,285,1732,5.0
3200,311,1097,4.0
3201,665,34,2.0
3202,355,50,3.5
3203,150,1240,3.5
3204,311,34,4.5
3205,564,1073,5.0
3206,452,1197,3.0
3207,580,608,4.5
3208,388,2571,5.0
3209,30,587,2.0
3210,242,1,5.0
3211,463,1089,4.0
3212,73,924,1.5
3213,23,6539,4.5
3214,353,4973,3.0
3215,77,1136,4.5
3216,430,153,1.0
3217,17,1221,5.0
3218,17,2028,3.5
3219,518,593,5.0
3220,268,231,3.5
3221,580,5349,4.5
3222,423,293,3.0
3223,243,1291,4.5
3224,111,592,4.0
3225,77,1196,4.5
3226,213,39,2.0
3227,547,32,4.0
3228,607,500,2.5
3229,119,457,3.0
3230,382,1580,3.0
3231,624,589,3.0
3232,382,1,3.5
3233,77,1265,4.0
3234,518,500,4.0
3235,423,1732,5.0
3236,56,4973,5.0
3237,452,4973,5.0
3238,461,3793,2.0
3239,544,2571,4.0
3240,665,2571,5.0
3241,480,150,4.5
3242,15,1704,4.0
3243,73,5952,5.0
3244,165,733,3.0
3245,509,2918,3.0
3246,232,1214,5.0
3247,102,1089,4.0
3248,544,2918,5.0
3249,358,586,3.0
3250,607,253,4.0
3251,596,10,3.5
3252,607,858,4.5
3253,505,590,3.0
3254,461,648,2.0
3255,664,924,4.0
3256,73,1089,3.5
3257,452,1193,5.0
3258,195,1265,2.0
3259,19,1,3.0
3260,243,527,3.5
3261,615,541,4.0
3262,608,1732,4.0
3263,247,592,4.0
3264,88,1097,3.5
3265,384,296,4.5
3266,212,253,4.0
3267,119,2628,3.0
3268,564,500,5.0
3269,587,34,3.5
3270,608,2959,5.0
3271,355,4973,4.5
3272,157,1732,4.0
3273,355,2628,4.0
3274,472,1136,5.0
3275,111,377,3.5
3276,547,2997,5.0
3277,423,1136,4.5
3278,220,2571,5.0
3279,480,367,3.5
3280,128,1197,3.0
3281,665,32,4.0
3282,405,586,4.0
3283,382,500,3.0
3284,587,5349,2.5
3285,480,5952,5.0
3286,388,1193,5.0
3287,384,480,3.5
3288,596,597,3.5
3289,529,2028,5.0
3290,358,2028,4.0
3291,564,1213,3.0
3292,452,3578,4.0
3293,461,10,2.0
3294,353,3578,2.5
3295,547,1721,4.5
3296,388,3578,4.0
3297,199,1240,4.0
3298,577,4963,4.5
3299,561,39,2.5
3300,105,1221,4.0
3301,577,500,3.5
3302,355,344,3.0
3303,19,648,3.0
3304,306,1240,5.0
3305,384,6377,3.0
3306,285,2571,5.0
3307,387,344,2.0
3308,624,2716,5.0
3309,311,608,4.0
3310,463,541,4.0
3311,355,356,5.0
3312,150,153,3.0
3313,313,778,4.0
3314,472,1197,5.0
3315,596,4973,5.0
3316,268,5349,4.0
3317,387,1221,5.0
3318,382,1682,2.0
3319,463,1214,5.0
3320,195,260,5.0
3321,654,6377,5.0
3322,547,47,4.0
3323,212,357,2.5
3324,73,10,3.0
3325,242,733,5.0
3326,380,1721,3.0
3327,509,592,2.0
3328,384,10,3.5
3329,130,1291,4.0
3330,463,858,5.0
3331,176,2716,2.5
3332,439,2918,4.0
3333,598,2716,4.0
3334,430,480,4.0
3335,587,47,3.5
3336,509,1682,3.0
3337,187,1,4.0
3338,648,500,4.0
3339,514,586,3.0
3340,30,1210,4.0
3341,111,1198,4.5
3342,460,1136,5.0
3343,461,780,1.5
3344,19,597,3.0
3345,380,1089,4.0
3346,608,1265,4.0
3347,405,1221,5.0
3348,355,1073,3.5
3349,311,541,2.0
3350,580,736,2.0
3351,247,2028,5.0
3352,598,2959,5.0
3353,423,2716,3.5
3354,268,1210,4.0
3355,509,480,3.0
3356,534,1,5.0
3357,243,500,3.5
3358,213,2762,2.5
3359,608,593,5.0
3360,537,590,5.0
3361,587,2028,4.5
3362,119,590,5.0
3363,388,527,5.0
3364,268,6539,5.0
3365,382,34,4.0
3366,472,34,5.0
3367,346,5349,5.0
3368,452,165,4.0
3369,608,608,5.0
3370,128,1721,5.0
3371,468,5952,3.5
3372,518,1,5.0
3373,268,153,2.0
3374,480,1200,4.0
3375,388,1198,5.0
3376,157,778,4.0
3377,78,50,5.0
3378,77,6377,0.5
3379,463,595,5.0
3380,19,457,4.0
3381,461,1193,3.5
3382,128,4886,5.0
3383,56,541,4.0
3384,457,32,3.0
3385,587,1073,3.5
3386,268,110,4.5
3387,564,344,3.0
3388,587,924,4.0
3389,294,1196,4.0
3390,134,47,4.5
3391,615,1136,4.5
3392,380,380,3.0
3393,407,2028,4.0
3394,213,1200,3.0
3395,199,4993,4.0
3396,311,380,3.5
3397,405,1036,4.0
3398,56,778,4.0
3399,514,1197,4.0
3400,384,4306,3.0
3401,48,364,4.0
3402,77,47,4.0
3403,95,457,4.0
3404,427,4226,5.0
3405,664,2571,4.5
3406,380,1210,4.0
3407,468,2858,3.5
3408,78,316,4.0
3409,311,260,4.0
3410,423,165,2.5
3411,195,1240,3.0
3412,119,608,5.0
3413,577,316,3.5
3414,472,3114,5.0
3415,463,1036,4.0
3416,561,924,3.5
3417,380,4963,4.0
3418,294,4306,5.0
3419,195,593,4.0
3420,130,457,4.0
3421,608,3114,4.0
3422,457,380,2.5
3423,15,592,4.0
3424,294,367,4.0
3425,457,296,5.0
3426,243,480,2.5
3427,77,364,3.0
3428,529,2858,5.0
3429,111,1089,4.0
3430,77,733,3.0
3431,654,1270,4.5
3432,596,4993,3.0
3433,292,231,3.0
3434,23,318,5.0
3435,452,1,3.5
3436,306,2396,4.0
3437,56,3114,4.0
3438,664,1265,4.0
3439,157,541,3.5
3440,480,165,5.0
3441,605,110,3.0
3442,311,457,4.5
3443,212,778,5.0
3444,220,1,2.0
3445,547,1210,2.5
3446,285,1923,1.0
3447,212,10,3.5
3448,384,541,4.0
3449,460,457,3.5
3450,461,1213,4.0
3451,212,2396,3.5
3452,402,858,2.5
3453,157,4886,3.5
3454,596,356,5.0
3455,534,1213,4.0
3456,294,260,4.0
3457,624,480,3.0
3458,534,110,5.0
3459,105,4963,3.0
3460,654,344,4.5
3461,15,1089,4.0
3462,134,1036,3.5
3463,664,2028,4.5
3464,294,1097,3.0
3465,509,1073,3.0
3466,355,597,2.5
3467,346,4306,4.0
3468,353,4886,3.0
3469,452,597,3.0
3470,105,2959,3.5
3471,615,4886,4.5
3472,481,2762,4.5
3473,306,357,4.0
3474,564,110,1.0
3475,547,1036,5.0
3476,468,357,3.0
3477,353,1136,3.5
3478,624,1213,5.0
3479,306,1036,4.0
3480,580,1200,3.5
3481,73,778,5.0
3482,460,356,1.5
3483,457,736,2.0
3484,195,1213,3.0
3485,312,316,2.0
3486,15,1214,4.0
3487,577,1721,3.5
3488,518,2396,5.0
3489,187,593,4.0
3490,509,1193,4.0
3491,439,2858,3.0
3492,19,344,3.0
3493,481,1097,4.5
3494,654,1193,3.5
3495,427,8961,3.5
3496,405,3578,4.5
3497,150,648,3.5
3498,78,1089,1.0
3499,105,5952,5.0
3500,299,589,4.0
3501,607,1213,3.5
3502,457,39,2.0
3503,577,1036,5.0
3504,598,6539,5.0
3505,262,1136,2.0
3506,157,4226,4.5
3507,23,1270,4.5
3508,73,1682,4.5
3509,654,377,4.0
3510,480,1036,5.0
3511,605,1136,3.0
3512,23,1721,5.0
3513,430,1089,4.5
3514,15,39,2.5
3515,30,318,5.0
3516,199,4226,5.0
3517,461,153,0.5
3518,561,527,4.0
3519,313,539,4.5
3520,580,367,2.5
3521,580,1206,4.5
3522,607,1073,3.0
3523,648,608,4.0
3524,15,1617,5.0
3525,575,539,3.0
3526,77,2762,4.0
3527,358,318,5.0
3528,468,588,2.5
3529,232,32,5.0
3530,102,1617,5.0
3531,654,2858,5.0
3532,353,1089,3.0
3533,48,648,3.5
3534,654,2028,5.0
3535,294,3793,4.5
3536,439,5349,3.0
3537,468,1580,3.0
3538,596,344,3.5
3539,311,2028,5.0
3540,195,1036,1.0
3541,294,364,4.5
3542,624,1214,3.0
3543,73,648,3.0
3544,17,260,3.5
3545,102,608,5.0
3546,213,316,4.5
3547,514,344,3.0
3548,577,593,4.0
3549,380,924,5.0
3550,529,527,5.0
3551,461,1036,4.5
3552,77,2959,4.0
3553,312,589,5.0
3554,468,4226,3.5
3555,423,858,4.5
3556,294,110,3.0
3557,111,1210,4.0
3558,311,296,3.0
3559,518,733,5.0
3560,664,7153,4.0
3561,457,5349,1.5
3562,311,1721,4.0
3563,111,367,2.0
3564,431,587,4.0
3565,15,608,5.0
3566,605,648,4.0
3567,78,858,4.5
3568,439,589,4.0
3569,212,2918,4.5
3570,439,39,4.0
3571,423,1240,4.0
3572,472,2028,3.0
3573,311,3114,3.0
3574,353,377,1.5
3575,355,4306,4.0
3576,463,260,5.0
3577,468,597,2.5
3578,48,6377,4.0
3579,439,34,1.0
3580,346,1136,5.0
3581,165,3578,3.5
3582,388,1073,5.0
3583,134,924,4.0
3584,509,293,3.0
3585,358,1210,5.0
3586,232,1240,3.0
3587,346,4963,4.0
3588,187,1197,3.5
3589,213,357,1.0
3590,598,5952,4.5
3591,575,587,2.0
3592,472,5349,3.0
3593,247,10,4.0
3594,77,316,4.0
3595,624,593,5.0
3596,587,4993,2.5
3597,461,592,3.0
3598,382,318,3.0
3599,587,457,4.5
3600,654,3578,4.0
3601,294,1704,3.0
3602,268,733,3.0
3603,452,318,5.0
3604,461,296,4.5
3605,624,6539,3.5
3606,353,648,1.5
3607,547,2858,5.0
3608,664,1213,4.0
3609,355,3578,4.0
3610,585,1240,5.0
3611,607,593,4.0
3612,311,480,4.5
3613,423,58559,5.0
3614,77,1097,3.0
3615,212,47,3.5
3616,387,924,4.0
3617,242,377,5.0
3618,88,3793,3.0
3619,564,595,4.0
3620,165,344,4.0
3621,587,593,4.0
3622,134,344,2.5
3623,461,4963,3.0
3624,480,6539,4.5
3625,463,5952,4.0
3626,461,1089,4.5
3627,388,1210,5.0
3628,463,1210,5.0
3629,262,356,3.0
3630,607,1097,4.0
3631,312,32,2.0
3632,285,1580,4.0
3633,577,588,4.0
3634,431,1270,4.5
3635,423,1197,4.0
3636,509,6539,4.0
3637,111,7153,4.5
3638,292,527,5.0
3639,439,1270,4.0
3640,427,4973,5.0
3641,134,356,4.0
3642,596,150,3.5
3643,529,858,3.0
3644,17,4306,3.5
3645,380,1923,5.0
3646,509,1206,4.0
3647,56,924,2.0
3648,353,1200,3.5
3649,15,377,4.0
3650,105,1089,4.0
3651,430,1617,3.5
3652,134,593,5.0
3653,262,4886,2.5
3654,564,480,5.0
3655,23,4886,3.5
3656,119,1198,4.0
3657,48,8961,3.5
3658,534,2571,4.0
3659,461,5349,4.0
3660,423,2959,4.5
3661,119,1097,4.0
3662,380,593,5.0
3663,311,316,2.5
3664,312,367,2.0
3665,463,32,4.0
3666,430,4993,3.5
3667,243,1136,4.0
3668,73,1240,4.5
3669,212,1206,3.5
3670,598,364,4.0
3671,157,1291,3.5
3672,480,590,4.0
3673,547,5349,3.0
3674,195,1214,5.0
3675,574,4963,3.5
3676,165,2571,5.0
3677,268,736,3.0
3678,423,5952,3.0
3679,518,736,4.0
3680,624,1704,4.0
3681,268,1580,4.0
3682,574,1682,3.5
3683,292,457,4.0
3684,577,1198,5.0
3685,388,260,4.5
3686,346,7153,1.0
3687,306,733,4.0
3688,468,2918,3.5
3689,56,4886,4.0
3690,423,4993,3.0
3691,232,1036,5.0
3692,157,2762,4.0
3693,134,1073,5.0
3694,564,1291,4.0
3695,77,1036,3.0
3696,461,39,4.5
3697,212,1,3.0
3698,574,1270,4.5
3699,547,2918,3.5
3700,130,1196,5.0
3701,598,4306,4.0
3702,78,10,5.0
3703,472,6377,4.0
3704,468,1097,3.5
3705,457,153,2.0
3706,468,1682,3.5
3707,23,296,4.5
3708,577,1240,5.0
3709,134,260,3.5
3710,105,597,3.5
3711,561,1200,4.0
3712,405,1265,5.0
3713,111,1073,4.5
3714,475,1196,5.0
3715,312,597,5.0
3716,353,589,3.5
3717,652,3793,4.0
3718,88,648,3.5
3719,598,1196,4.0
3720,509,924,4.0
3721,17,1270,4.5
3722,128,4973,5.0
3723,665,1036,3.0
3724,19,1213,5.0
3725,654,1210,4.0
3726,187,1923,3.5
3727,176,5952,5.0
3728,78,47,4.0
3729,165,231,4.0
3730,509,597,2.0
3731,518,1682,4.0
3732,648,2571,1.5
3733,95,480,4.0
3734,537,1,5.0
3735,402,1270,5.0
3736,430,2762,4.0
3737,461,47,5.0
3738,648,2959,2.5
3739,402,1,2.0
3740,648,1704,4.5
3741,355,4226,4.0
3742,306,539,4.0
3743,30,589,4.0
3744,247,480,4.0
3745,596,3793,3.5
3746,518,364,4.0
3747,195,480,4.0
3748,242,2762,5.0
3749,73,457,4.0
3750,384,778,3.0
3751,73,165,3.5
3752,294,6539,4.5
3753,294,380,4.0
3754,596,296,5.0
3755,199,293,4.5
3756,105,316,3.0
3757,387,593,4.0
3758,134,4993,3.0
3759,56,2858,5.0
3760,285,253,5.0
3761,212,50,3.5
3762,73,356,5.0
3763,134,7153,3.0
3764,475,1580,3.0
3765,457,500,2.0
3766,56,527,4.0
3767,119,1200,4.0
3768,306,608,4.0
3769,605,480,3.0
3770,243,364,3.5
3771,195,608,4.0
3772,73,4886,3.0
3773,607,367,3.0
3774,19,924,4.0
3775,130,380,3.5
3776,165,589,4.5
3777,480,1214,4.5
3778,514,1136,4.0
3779,119,1221,4.0
3780,475,6539,3.5
3781,664,1036,4.0
3782,509,2997,5.0
3783,468,10,3.0
3784,388,1221,5.0
3785,460,7153,4.5
3786,452,39,3.0
3787,78,1704,5.0
3788,608,589,4.0
3789,615,1200,4.0
3790,577,6377,5.0
3791,187,2762,5.0
3792,355,2997,4.0
3793,615,5952,4.0
3794,608,2571,5.0
3795,213,6539,3.0
3796,15,32,4.0
3797,574,480,3.5
3798,460,1682,3.5
3799,130,2858,2.0
3800,30,4963,5.0
3801,15,3114,1.0
3802,77,1270,3.5
3803,463,380,4.0
3804,607,1265,4.5
3805,294,39,4.0
3806,577,2628,4.0
3807,380,1221,4.0
3808,355,32,4.0
3809,355,293,4.5
3810,388,1214,5.0
3811,311,1198,4.5
3812,580,924,3.0
3813,480,2997,2.5
3814,213,589,4.0
3815,514,1240,4.0
3816,598,590,4.0
3817,247,2628,4.0
3818,150,5952,4.5
3819,212,539,2.5
3820,130,1721,3.0
3821,388,1036,5.0
3822,564,1270,3.0
3823,624,6377,3.5
3824,358,2762,5.0
3825,111,2959,5.0
3826,306,318,5.0
3827,596,1732,5.0
3828,423,32,4.5
3829,157,34,1.0
3830,134,780,4.5
3831,509,858,5.0
3832,480,1,5.0
3833,654,2959,5.0
3834,577,1210,4.5
3835,306,858,4.0
3836,239,2858,5.0
3837,514,32,4.0
3838,461,1682,2.5
3839,574,1198,3.5
3840,102,1073,4.0
3841,537,1097,4.0
3842,564,34,3.0
3843,431,8961,5.0
3844,346,2571,5.0
3845,561,2918,4.0
3846,355,318,5.0
3847,480,1136,4.0
3848,30,3114,5.0
3849,95,260,5.0
3850,105,587,3.5
3851,232,1265,4.0
3852,176,1923,1.0
3853,262,736,2.0
3854,427,2762,3.0
3855,262,1732,3.0
3856,165,380,4.0
3857,452,480,5.0
3858,518,165,3.0
3859,664,6539,4.0
3860,77,293,4.0
3861,285,153,2.0
3862,380,50,5.0
3863,430,293,5.0
3864,111,1270,4.5
3865,88,47,4.0
3866,605,780,4.0
3867,463,736,4.0
3868,48,4993,4.5
3869,88,7153,3.5
3870,30,1198,5.0
3871,665,260,4.0
3872,384,648,4.0
3873,294,6377,4.0
3874,547,590,3.0
3875,580,1732,4.0
3876,472,924,4.0
3877,457,110,3.0
3878,615,47,4.5
3879,624,592,3.0
3880,165,1580,2.5
3881,313,590,4.0
3882,598,858,4.0
3883,353,231,2.5
3884,213,260,5.0
3885,624,2571,2.0
3886,648,1221,3.5
3887,130,110,3.0
3888,648,778,5.0
3889,472,4886,5.0
3890,19,377,3.0
3891,73,1732,4.0
3892,529,260,4.0
3893,294,1721,3.5
3894,312,1240,5.0
3895,388,2858,4.0
3896,311,6539,4.0
3897,468,1136,4.0
3898,346,5952,1.0
3899,187,2858,5.0
3900,128,39,4.0
3901,537,608,3.0
3902,247,1291,5.0
3903,472,2716,3.0
3904,534,380,4.0
3905,382,39,2.0
3906,105,780,2.5
3907,176,2571,4.5
3908,243,1682,4.0
3909,306,1073,4.0
3910,596,50,4.5
3911,457,318,5.0
3912,380,5349,4.0
3913,30,1240,4.0
3914,56,586,4.0
3915,111,3114,3.5
3916,212,1291,3.0
3917,402,1196,4.5
3918,213,736,4.0
3919,388,58559,4.0
3920,30,1213,5.0
3921,652,2997,4.0
3922,564,1732,5.0
3923,580,5952,4.0
3924,199,10,2.5
3925,311,589,4.5
3926,220,1580,4.0
3927,355,316,4.0
3928,268,1136,4.5
3929,387,1193,5.0
3930,195,2028,5.0
3931,534,364,5.0
3932,472,1213,5.0
3933,232,260,5.0
3934,262,1923,2.5
3935,547,356,2.0
3936,537,1240,3.0
3937,423,608,4.0
3938,607,1270,4.0
3939,128,1265,2.0
3940,128,4963,5.0
3941,472,4973,4.0
3942,547,153,2.0
3943,509,1923,3.0
3944,475,2716,4.0
3945,423,7153,3.5
3946,529,1198,3.0
3947,518,597,4.0
3948,165,1198,4.0
3949,239,3114,5.0
3950,580,364,3.5
3951,431,1197,5.0
3952,23,648,4.5
3953,150,356,4.5
3954,311,586,3.0
3955,119,1682,3.0
3956,388,780,1.0
3957,561,1270,4.0
3958,384,47,4.0
3959,30,1073,3.0
3960,481,1732,5.0
3961,157,1265,3.0
3962,105,380,3.5
3963,452,1704,5.0
3964,481,296,5.0
3965,402,1210,4.5
3966,439,480,3.0
3967,624,2918,4.0
3968,88,608,3.5
3969,30,1682,5.0
3970,134,1200,5.0
3971,353,367,2.5
3972,299,2997,4.0
3973,130,1704,3.0
3974,355,364,4.0
3975,30,924,4.0
3976,624,2762,4.0
3977,130,593,3.0
3978,514,150,4.0
3979,88,4886,4.0
3980,518,356,5.0
3981,102,1197,5.0
3982,585,3114,4.0
3983,615,780,3.5
3984,615,858,4.0
3985,176,2997,2.0
3986,30,34,4.0
3987,457,1617,3.5
3988,509,1136,5.0
3989,481,2571,4.0
3990,312,527,5.0
3991,575,1,3.0
3992,407,2628,4.0
3993,243,3793,3.5
3994,547,539,3.0
3995,313,10,3.5
3996,134,1206,4.0
3997,580,1198,3.5
3998,312,1291,2.0
3999,30,2028,5.0
4000,430,1193,4.5
4001,212,1221,5.0
4002,480,500,4.0
4003,48,924,4.5
4004,460,5952,4.5
4005,402,595,4.0
4006,73,736,1.5
4007,461,1732,3.5
4008,232,1617,4.0
4009,247,1265,4.0
4010,624,2959,4.0
4011,102,1196,5.0
4012,157,1036,3.0
4013,402,5952,4.0
4014,423,588,1.5
4015,268,593,5.0
4016,615,778,3.5
4017,157,1682,4.0
4018,624,539,3.0
4019,596,1682,4.0
4020,585,480,3.0
4021,564,364,4.0
4022,195,1210,5.0
4023,461,778,4.0
4024,534,597,3.0
4025,608,1923,3.0
4026,15,527,4.0
4027,119,1923,5.0
4028,457,260,0.5
4029,472,47,4.0
4030,312,2571,4.0
4031,77,648,2.5
4032,615,2028,4.5
4033,199,1682,4.0
4034,292,1073,4.5
4035,213,1214,2.5
4036,665,2628,3.0
4037,607,4306,4.5
4038,580,597,3.0
4039,505,2762,3.0
4040,664,778,4.5
4041,380,1682,4.0
4042,587,1923,5.0
4043,78,150,3.5
4044,468,356,3.0
4045,534,1923,4.0
4046,78,1240,4.0
4047,529,1,4.0
4048,561,1580,3.0
4049,587,2571,3.5
4050,574,1240,3.5
4051,23,2762,4.0
4052,468,344,1.5
4053,577,367,3.0
4054,213,595,3.0
4055,232,595,4.0
4056,220,1265,4.0
4057,187,4963,4.0
4058,505,2396,3.0
4059,430,2858,5.0
4060,654,1198,5.0
4061,187,500,3.5
4062,624,500,4.0
4063,212,736,3.0
4064,220,648,4.0
4065,165,539,2.0
4066,77,595,3.5
4067,105,1682,3.5
4068,311,1073,0.5
4069,77,8961,4.0
4070,23,1097,5.0
4071,306,1923,4.0
4072,187,356,4.5
4073,505,260,4.0
4074,212,110,5.0
4075,312,3578,5.0
4076,119,780,3.0
4077,460,1704,4.0
4078,102,2997,4.0
4079,388,253,3.0
4080,355,2959,5.0
4081,165,1270,3.5
4082,195,1197,3.0
4083,461,1210,4.5
4084,468,1197,3.5
4085,299,4973,3.0
4086,587,1206,4.0
4087,480,4963,3.0
4088,262,293,4.0
4089,306,1732,4.0
4090,119,1036,4.0
4091,472,1036,3.0
4092,48,1097,3.5
4093,15,589,4.0
4094,575,1265,2.0
4095,452,1214,3.0
4096,384,1291,4.5
4097,665,1073,5.0
4098,430,34,3.5
4099,423,153,2.0
4100,544,1214,5.0
4101,17,4226,5.0
4102,268,1206,3.0
4103,624,4993,4.0
4104,285,47,5.0
4105,19,1214,4.0
4106,388,150,4.5
4107,505,1036,3.5
4108,577,595,4.5
4109,380,367,3.0
4110,665,380,3.0
4111,199,5349,1.5
4112,605,1213,3.0
4113,480,1721,4.5
4114,652,316,5.0
4115,73,364,5.0
4116,247,500,3.0
4117,134,3114,3.5
4118,596,593,4.0
4119,187,1089,4.0
4120,212,1580,1.5
4121,664,4886,3.5
4122,664,541,4.0
4123,56,1073,4.0
4124,384,231,4.0
4125,596,1923,4.0
4126,468,3114,4.0
4127,624,1073,4.0
4128,405,2628,2.5
4129,607,380,4.5
4130,580,527,4.0
4131,176,1198,3.0
4132,73,527,5.0
4133,312,733,3.0
4134,23,380,4.0
4135,472,593,5.0
4136,23,1617,4.0
4137,423,1213,3.5
4138,353,1214,3.0
4139,505,364,2.5
4140,480,2571,5.0
4141,212,2997,4.0
4142,150,592,3.0
4143,430,344,4.0
4144,23,1193,4.5
4145,105,608,4.0
4146,461,858,5.0
4147,388,1291,5.0
4148,313,34,4.0
4149,596,780,3.5
4150,648,4973,4.0
4151,461,2959,5.0
4152,472,260,4.0
4153,430,1097,4.0
4154,468,586,2.5
4155,48,858,4.0
4156,518,1210,5.0
4157,384,5952,4.5
4158,461,6539,3.5
4159,468,1210,3.5
4160,654,733,4.0
4161,268,924,4.5
4162,195,1193,4.0
4163,313,344,2.5
4164,577,3114,5.0
4165,358,2628,3.0
4166,509,736,2.0
4167,577,8961,5.0
4168,514,593,4.0
4169,212,595,3.5
4170,358,3114,5.0
4171,561,296,4.5
4172,358,539,3.0
4173,460,592,3.5
4174,547,780,3.5
4175,534,39,2.0
4176,481,8961,3.0
4177,468,6539,2.5
4178,195,2858,4.0
4179,285,2028,5.0
4180,472,1923,5.0
4181,78,1923,1.5
4182,268,253,3.0
4183,654,1580,4.5
4184,130,34,3.0
4185,130,1213,3.5
4186,73,1210,5.0
4187,232,858,5.0
4188,598,2762,4.0
4189,19,1291,3.0
4190,529,1213,1.0
4191,472,1,5.0
4192,220,590,4.0
4193,30,858,5.0
4194,15,2028,3.0
4195,505,587,3.0
4196,574,780,3.5
4197,78,1732,5.0
4198,461,2858,2.0
4199,150,10,4.0
4200,353,296,3.5
4201,580,2571,4.5
4202,574,7153,3.5
4203,654,2571,5.0
4204,505,2571,3.0
4205,88,924,4.0
4206,313,586,3.0
4207,596,318,5.0
4208,48,5349,3.5
4209,353,260,3.0
4210,268,1197,5.0
4211,648,590,2.0
4212,77,1923,2.0
4213,585,1270,3.0
4214,388,586,3.0
4215,262,367,2.0
4216,199,608,3.5
4217,313,733,4.5
4218,294,1682,4.0
4219,596,1265,4.0
4220,353,588,3.0
4221,15,1270,5.0
4222,480,1240,4.5
4223,268,377,4.5
4224,77,1198,4.0
4225,380,1265,4.0
4226,481,3578,4.0
4227,311,1265,3.5
4228,514,733,3.0
4229,130,500,3.5
4230,355,1221,5.0
4231,544,1732,5.0
4232,388,593,4.0
4233,134,153,3.0
4234,353,1704,3.5
4235,212,590,2.0
4236,292,39,4.5
4237,544,5952,4.0
4238,355,6539,4.0
4239,431,377,2.0
4240,212,587,2.5
4241,544,1206,5.0
4242,384,344,3.5
4243,596,367,3.0
4244,247,296,3.0
4245,19,50,4.0
4246,102,1270,3.0
4247,150,780,4.0
4248,575,588,4.0
4249,15,165,3.0
4250,654,5349,5.0
4251,598,2858,5.0
4252,285,231,1.0
4253,514,1210,4.0
4254,575,595,5.0
4255,564,253,5.0
4256,358,1732,4.0
4257,624,4886,4.0
4258,220,231,2.0
4259,430,231,5.0
4260,268,34,4.5
4261,268,4306,4.5
4262,509,586,3.0
4263,564,50,5.0
4264,48,1214,3.5
4265,624,2628,2.0
4266,77,500,3.0
4267,294,480,4.0
4268,460,1036,4.5
4269,292,2396,4.5
4270,585,1265,4.0
4271,505,8961,3.5
4272,607,1136,5.0
4273,247,2716,5.0
4274,313,367,3.5
4275,358,344,1.0
4276,505,1196,4.0
4277,460,1,4.5
4278,587,7153,4.0
4279,15,4963,4.0
4280,346,1200,4.0
4281,587,296,3.5
4282,463,2716,4.0
4283,243,586,3.5
4284,402,4963,4.0
4285,15,541,5.0
4286,587,1704,3.5
4287,128,587,5.0
4288,285,457,4.0
4289,243,4306,3.5
4290,213,3793,4.0
4291,475,3793,3.5
4292,19,588,3.0
4293,564,1036,4.0
4294,537,780,5.0
4295,624,3114,5.0
4296,544,260,4.0
4297,382,4993,4.0
4298,505,3578,3.0
4299,580,1193,4.0
4300,574,296,5.0
4301,187,2396,4.5
4302,15,2571,5.0
4303,605,592,4.0
4304,580,1580,2.5
4305,195,1923,4.0
4306,480,1206,4.0
4307,382,8961,5.0
4308,213,5349,3.5
4309,311,50,3.0
4310,119,778,4.0
4311,624,1682,3.0
4312,596,6377,3.5
4313,665,4993,5.0
4314,457,10,2.0
4315,48,1240,3.5
4316,518,586,5.0
4317,537,527,5.0
4318,165,5349,4.0
4319,518,539,5.0
4320,382,588,3.0
4321,128,3578,5.0
4322,88,588,3.0
4323,358,1073,4.0
4324,311,590,5.0
4325,468,2959,3.0
4326,463,1196,5.0
4327,598,1198,4.0
4328,77,1240,4.5
4329,574,165,3.5
4330,468,47,3.5
4331,654,1721,5.0
4332,654,4963,4.0
4333,212,377,4.0
4334,312,1580,2.0
4335,457,1198,2.0
4336,311,780,4.5
4337,534,1682,3.0
4338,306,2762,3.0
4339,232,588,5.0
4340,105,32,4.0
4341,95,2858,5.0
4342,285,110,5.0
4343,380,293,4.0
4344,294,4886,4.5
4345,134,253,4.0
4346,468,2628,2.0
4347,119,1721,3.0
4348,624,1200,2.0
4349,187,364,4.5
4350,431,4993,4.5
4351,355,367,3.0
4352,19,1210,4.0
4353,624,1580,4.0
4354,119,356,3.0
4355,607,165,3.5
4356,150,588,3.5
4357,48,480,3.5
4358,17,2396,4.5
4359,587,1213,4.0
4360,312,1193,4.0
4361,574,1036,4.5
4362,574,150,3.0
4363,358,1213,5.0
4364,232,590,5.0
4365,585,1197,4.0
4366,157,47,3.5
4367,105,1923,4.0
4368,580,50,4.0
4369,312,260,2.0
4370,388,5349,4.0
4371,452,586,3.0
4372,212,480,3.0
4373,468,1036,2.5
4374,119,1,2.0
4375,243,2571,3.5
4376,664,1197,4.5
4377,547,1089,4.5
4378,311,5349,4.0
4379,232,592,5.0
4380,664,3578,5.0
4381,388,344,2.0
4382,577,2762,5.0
4383,213,588,3.0
4384,105,1136,3.0
4385,439,4963,4.0
4386,199,1200,5.0
4387,247,165,4.0
4388,134,8961,3.0
4389,505,924,3.0
4390,461,1197,5.0
4391,529,608,5.0
4392,580,1196,4.0
4393,212,1198,3.0
4394,382,4973,5.0
4395,150,3578,4.5
4396,585,1210,4.0
4397,346,3793,5.0
4398,561,1214,4.5
4399,518,1291,5.0
4400,285,10,4.0
4401,575,153,4.0
4402,561,5349,4.0
4403,665,357,2.0
4404,461,1206,4.0
4405,213,367,1.0
4406,312,231,4.0
4407,423,4886,1.5
4408,73,780,3.5
4409,509,2959,4.0
4410,187,344,3.0
4411,17,1036,2.5
4412,199,1270,4.5
4413,561,2628,3.5
4414,88,6377,4.0
4415,268,4963,4.0
4416,574,6377,4.0
4417,130,648,2.0
4418,534,2762,5.0
4419,439,527,3.0
4420,243,10,3.5
4421,111,778,4.0
4422,355,7153,5.0
4423,430,3793,3.5
4424,23,2858,3.5
4425,73,6377,4.0
4426,463,3793,4.0
4427,176,1721,2.0
4428,102,1200,5.0
4429,564,588,4.0
4430,128,736,5.0
4431,247,1617,5.0
4432,15,1193,5.0
4433,134,2762,4.5
4434,574,2716,4.0
4435,199,924,3.5
4436,15,34,3.0
4437,608,2396,3.0
4438,165,2918,5.0
4439,165,1097,4.0
4440,19,357,5.0
4441,518,2628,5.0
4442,475,356,4.5
4443,654,2762,5.0
4444,460,318,5.0
4445,624,736,3.0
4446,509,539,3.0
4447,598,296,5.0
4448,461,5952,4.5
4449,48,110,4.0
4450,514,457,4.0
4451,199,1580,4.0
4452,575,318,4.0
4453,353,597,1.5
4454,509,593,4.0
4455,615,4963,3.5
4456,88,2959,4.0
4457,56,4226,4.0
4458,306,356,5.0
4459,242,593,4.0
4460,509,1617,4.0
4461,547,736,3.0
4462,299,1732,5.0
4463,648,1136,4.0
4464,306,296,4.0
4465,19,253,3.0
4466,505,2028,3.5
4467,353,1265,3.0
4468,574,1617,4.5
4469,242,1214,5.0
4470,472,1240,5.0
4471,518,377,4.0
4472,220,2997,3.0
4473,607,2716,3.5
4474,111,1721,1.5
4475,292,260,4.5
4476,306,47,4.0
4477,664,1732,4.5
4478,561,1197,4.5
4479,285,1073,4.0
4480,128,356,5.0
4481,199,58559,4.5
4482,607,588,4.0
4483,119,1136,5.0
4484,607,231,3.0
4485,232,1136,5.0
4486,128,110,5.0
4487,457,4963,3.0
4488,472,608,3.0
4489,306,590,3.0
4490,134,589,5.0
4491,468,480,2.5
4492,56,1089,4.0
4493,505,1198,4.0
4494,615,5349,3.5
4495,306,1265,4.0
4496,358,367,3.0
4497,430,1265,5.0
4498,461,253,2.5
4499,212,150,4.0
4500,380,4886,4.0
4501,17,318,5.0
4502,292,5952,3.5
4503,346,1580,3.5
4504,56,1732,4.0
4505,514,778,5.0
4506,30,150,5.0
4507,353,110,3.5
4508,423,5349,3.0
4509,564,608,5.0
4510,212,260,4.0
4511,463,593,5.0
4512,537,648,3.0
4513,294,3578,4.0
4514,564,377,2.0
4515,468,150,3.0
4516,111,527,4.0
4517,312,34,2.0
4518,242,1221,5.0
4519,88,4226,3.0
4520,607,344,2.5
4521,664,780,3.5
4522,430,32,5.0
4523,615,480,4.0
4524,430,7153,3.5
4525,598,39,3.0
4526,311,318,4.5
4527,509,587,2.0
4528,509,500,3.0
4529,575,1721,1.0
4530,130,4226,4.5
4531,306,364,4.0
4532,313,4886,4.5
4533,176,296,4.0
4534,262,480,3.0
4535,564,1240,5.0
4536,285,1265,4.0
4537,165,364,3.5
4538,157,4973,4.0
4539,537,500,2.0
4540,431,1265,5.0
4541,102,1213,5.0
4542,654,1617,5.0
4543,575,4993,5.0
4544,654,588,4.5
4545,292,356,5.0
4546,102,1221,5.0
4547,56,231,2.0
4548,77,377,2.5
4549,452,2858,5.0
4550,430,2959,5.0
4551,77,39,2.5
4552,73,2716,4.5
4553,128,5952,5.0
4554,380,539,1.5
4555,615,589,4.0
4556,608,924,5.0
4557,544,1240,4.5
4558,607,1,4.5
4559,615,1193,3.0
4560,134,588,3.0
4561,575,2918,4.0
4562,380,1136,4.0
4563,509,4306,4.0
4564,150,39,2.5
4565,423,318,4.0
4566,262,595,3.5
4567,292,597,4.5
4568,130,1193,3.0
4569,23,1198,4.5
4570,176,1580,2.5
4571,358,2858,4.0
4572,598,260,5.0
4573,574,858,5.0
4574,134,648,4.5
4575,475,2028,4.0
4576,119,1206,5.0
4577,457,377,1.5
4578,19,153,3.0
4579,243,1240,3.0
4580,388,110,5.0
4581,78,1682,3.5
4582,128,593,5.0
4583,134,2997,4.5
4584,19,165,3.0
4585,292,1197,5.0
4586,423,1198,4.0
4587,134,592,4.0
4588,111,4973,5.0
4589,509,377,1.0
4590,577,2716,4.5
4591,388,1580,3.0
4592,30,595,5.0
4593,384,500,3.0
4594,77,1721,2.0
4595,654,231,4.0
4596,247,293,4.0
4597,654,10,4.0
4598,157,6539,3.0
4599,481,858,5.0
4600,150,2396,1.5
4601,130,318,3.5
4602,564,593,5.0
4603,665,1721,3.0
4604,130,356,3.5
4605,313,357,3.5
4606,547,150,4.0
4607,608,1036,4.0
4608,105,593,4.0
4609,463,2028,4.0
4610,384,110,4.5
4611,73,590,4.5
4612,105,858,4.5
4613,262,2918,4.0
4614,313,1240,3.5
4615,402,2571,4.5
4616,472,480,4.0
4617,313,457,4.5
4618,596,1193,5.0
4619,247,377,4.0
4620,605,2997,4.0
4621,514,1291,3.0
4622,77,2716,4.0
4623,15,1221,5.0
4624,518,1193,3.0
4625,176,58559,3.0
4626,23,2396,4.5
4627,157,736,2.5
4628,30,586,4.0
4629,615,1270,3.5
4630,220,733,3.0
4631,509,1580,2.0
4632,102,1704,2.0
4633,165,367,3.5
4634,480,608,3.5
4635,239,1197,5.0
4636,294,377,4.0
4637,388,47,5.0
4638,624,4226,4.0
4639,547,1206,3.0
4640,452,733,3.0
4641,480,593,4.5
4642,430,1198,4.0
4643,596,1240,3.5
4644,195,587,2.0
4645,312,588,3.0
4646,598,4886,4.0
4647,212,1270,3.0
4648,452,778,4.0
4649,547,595,3.5
4650,56,1617,4.0
4651,212,3793,4.0
4652,607,1197,4.5
4653,518,1721,1.0
4654,346,367,3.0
4655,480,4993,5.0
4656,23,527,3.5
4657,150,1097,3.0
4658,313,364,5.0
4659,607,2571,4.5
4660,382,2997,1.0
4661,561,2028,3.5
4662,534,150,5.0
4663,664,5952,4.0
4664,353,6539,3.5
4665,430,1704,4.5
4666,111,595,3.0
4667,247,1923,4.0
4668,150,1580,2.5
4669,78,4226,5.0
4670,624,7153,4.5
4671,285,1197,4.0
4672,353,318,4.0
4673,452,587,4.0
4674,481,4993,5.0
4675,431,3578,4.5
4676,19,1206,4.0
4677,48,2571,4.5
4678,176,2628,4.0
4679,587,150,4.5
4680,353,1197,3.5
4681,105,2028,3.0
4682,430,1196,4.5
4683,311,39,3.0
4684,105,1196,3.0
4685,402,587,4.0
4686,509,4973,4.0
4687,242,592,5.0
4688,105,4226,4.0
4689,452,5952,1.0
4690,306,150,4.0
4691,213,377,4.0
4692,654,858,4.5
4693,285,1196,5.0
4694,431,6539,5.0
4695,292,32,4.5
4696,150,318,5.0
4697,564,153,3.0
4698,88,377,3.0
4699,268,293,4.0
4700,17,736,2.5
4701,537,1136,5.0
4702,232,1073,3.0
4703,574,4886,4.0
4704,285,1136,4.0
4705,463,588,4.0
4706,78,4306,1.5
4707,232,1682,3.0
4708,353,165,3.5
4709,119,541,4.0
4710,388,924,5.0
4711,509,527,5.0
4712,268,587,3.0
4713,534,367,3.0
4714,128,480,5.0
4715,19,1136,5.0
4716,73,588,5.0
4717,472,1198,5.0
4718,48,58559,4.0
4719,195,590,4.0
4720,30,608,5.0
4721,387,1196,4.0
4722,312,648,4.0
4723,460,593,4.0
4724,388,377,4.0
4725,285,589,3.0
4726,574,589,4.0
4727,111,150,4.0
4728,388,2716,5.0
4729,212,1682,4.0
4730,561,2716,4.5
4731,402,7153,4.0
4732,596,1089,4.0
4733,654,541,4.0
4734,480,1270,4.0
4735,577,1,5.0
4736,518,648,4.0
4737,78,2571,5.0
4738,580,58559,5.0
4739,380,590,4.0
4740,312,780,1.0
4741,475,1097,3.5
4742,48,1721,4.0
4743,608,367,3.0
4744,242,597,5.0
4745,130,4993,5.0
4746,243,593,5.0
4747,654,539,4.0
4748,165,4226,3.5
4749,220,344,1.0
4750,509,356,4.0
4751,596,5349,3.5
4752,529,2716,4.0
4753,452,858,5.0
4754,134,1580,4.5
4755,481,527,3.5
4756,111,597,3.0
4757,475,58559,5.0
4758,596,539,3.0
4759,313,2571,4.0
4760,313,110,5.0
4761,232,253,5.0
4762,518,260,5.0
4763,285,2997,5.0
4764,311,3578,3.5
4765,19,32,3.0
4766,598,1213,4.0
4767,544,1270,4.5
4768,150,377,3.5
4769,547,357,4.5
4770,30,260,4.0
4771,243,2858,4.0
4772,199,316,4.0
4773,461,1221,5.0
4774,212,3578,5.0
4775,598,1197,5.0
4776,157,5349,3.0
4777,119,1580,4.0
4778,232,593,5.0
4779,547,1214,3.5
4780,574,592,3.0
4781,213,1580,4.0
4782,313,4963,4.0
4783,78,318,5.0
4784,355,592,3.5
4785,165,318,4.0
4786,577,110,4.5
4787,505,1193,3.5
4788,150,733,3.5
4789,547,1265,5.0
4790,220,597,3.0
4791,468,1270,3.0
4792,242,1198,5.0
4793,213,4993,4.5
4794,472,1210,3.0
4795,439,541,3.0
4796,654,1265,4.0
4797,292,4886,4.5
4798,405,858,5.0
4799,176,34,2.0
4800,452,4963,3.0
4801,157,3793,3.5
4802,213,3114,2.5
4803,405,356,5.0
4804,480,1617,4.5
4805,575,1580,1.0
4806,105,4993,5.0
4807,607,318,5.0
4808,268,1270,5.0
4809,199,32,3.5
4810,128,5349,3.0
4811,596,1580,3.0
4812,607,2396,3.5
4813,544,2028,4.5
4814,311,2571,4.0
4815,268,1240,4.5
4816,111,593,4.0
4817,220,608,5.0
4818,243,4226,3.5
4819,15,736,1.0
4820,430,296,4.5
4821,150,1704,4.0
4822,187,367,3.5
4823,596,858,5.0
